{
    "album_type": "album",
    "artists": [
        {
            "external_urls": {
                "spotify": "https://open.spotify.com/artist/2QsynagSdAqZj3U9HgDzjD"
            },
            "href": "https://api.spotify.com/v1/artists/2QsynagSdAqZj3U9HgDzjD",
            "id": "2QsynagSdAqZj3U9HgDzjD",
            "name": "Bob Marley & The Wailers",
            "type": "artist",
            "uri": "spotify:artist:2QsynagSdAqZj3U9HgDzjD"
        }
    ],
    "available_markets": [
        "AD",
        "AE",
        "AL",
        "AR",
        "AT",
        "AU",
        "BA",
        "BE",
        "BG",
        "BH",
        "BO",
        "BR",
        "BY",
        "CA",
        "CH",
        "CL",
        "CO",
        "CR",
        "CY",
        "CZ",
        "DE",
        "DK",
        "DZ",
        "EC",
        "EE",
        "EG",
        "ES",
        "FI",
        "FR",
        "GB",
        "GR",
        "GT",
        "HK",
        "HN",
        "HR",
        "HU",
        "ID",
        "IE",
        "IL",
        "IN",
        "IS",
        "IT",
        "JO",
        "JP",
        "KR",
        "KW",
        "KZ",
        "LB",
        "LI",
        "LT",
        "LU",
        "LV",
        "MA",
        "MC",
        "MD",
        "ME",
        "MK",
        "MT",
        "MX",
        "MY",
        "NI",
        "NL",
        "NO",
        "NZ",
        "OM",
        "PA",
        "PE",
        "PH",
        "PL",
        "PS",
        "PT",
        "PY",
        "QA",
        "RO",
        "RS",
        "RU",
        "SA",
        "SE",
        "SG",
        "SI",
        "SK",
        "SV",
        "TH",
        "TN",
        "TR",
        "TW",
        "UA",
        "US",
        "UY",
        "VN",
        "XK",
        "ZA"
    ],
    "copyrights": [
        {
            "text": "© 2001 Island Records Inc.",
            "type": "C"
        },
        {
            "text": "℗ 1977 UMG Recordings, Inc.",
            "type": "P"
        }
    ],
    "external_ids": {
        "upc": "00602567848356"
    },
    "external_urls": {
        "spotify": "https://open.spotify.com/album/1vHvJVBK0WnpbYFw4f4UTD"
    },
    "genres": [],
    "href": "https://api.spotify.com/v1/albums/1vHvJVBK0WnpbYFw4f4UTD",
    "id": "1vHvJVBK0WnpbYFw4f4UTD",
    "images": [
        {
            "height": 640,
            "url": "https://i.scdn.co/image/ab67616d0000b273420b2459f35e0fc98bcab288",
            "width": 640
        },
        {
            "height": 300,
            "url": "https://i.scdn.co/image/ab67616d00001e02420b2459f35e0fc98bcab288",
            "width": 300
        },
        {
            "height": 64,
            "url": "https://i.scdn.co/image/ab67616d00004851420b2459f35e0fc98bcab288",
            "width": 64
        }
    ],
    "label": "Tuff Gong",
    "name": "Exodus (Deluxe Edition)",
    "popularity": 81,
    "release_date": "1977-01-03",
    "release_date_precision": "day",
    "total_tracks": 25,
    "tracks": {
        "href": "https://api.spotify.com/v1/albums/1vHvJVBK0WnpbYFw4f4UTD/tracks?offset=0&limit=50",
        "items": [
            {
                "artists": [
                    {
                        "external_urls": {
                            "spotify": "https://open.spotify.com/artist/2QsynagSdAqZj3U9HgDzjD"
                        },
                        "href": "https://api.spotify.com/v1/artists/2QsynagSdAqZj3U9HgDzjD",
                        "id": "2QsynagSdAqZj3U9HgDzjD",
                        "name": "Bob Marley & The Wailers",
                        "type": "artist",
                        "uri": "spotify:artist:2QsynagSdAqZj3U9HgDzjD"
                    }
                ],
                "available_markets": [
                    "AD",
                    "AE",
                    "AL",
                    "AR",
                    "AT",
                    "AU",
                    "BA",
                    "BE",
                    "BG",
                    "BH",
                    "BO",
                    "BR",
                    "BY",
                    "CA",
                    "CH",
                    "CL",
                    "CO",
                    "CR",
                    "CY",
                    "CZ",
                    "DE",
                    "DK",
                    "DZ",
                    "EC",
                    "EE",
                    "EG",
                    "ES",
                    "FI",
                    "FR",
                    "GB",
                    "GR",
                    "GT",
                    "HK",
                    "HN",
                    "HR",
                    "HU",
                    "ID",
                    "IE",
                    "IL",
                    "IN",
                    "IS",
                    "IT",
                    "JO",
                    "JP",
                    "KR",
                    "KW",
                    "KZ",
                    "LB",
                    "LI",
                    "LT",
                    "LU",
                    "LV",
                    "MA",
                    "MC",
                    "MD",
                    "ME",
                    "MK",
                    "MT",
                    "MX",
                    "MY",
                    "NI",
                    "NL",
                    "NO",
                    "NZ",
                    "OM",
                    "PA",
                    "PE",
                    "PH",
                    "PL",
                    "PS",
                    "PT",
                    "PY",
                    "QA",
                    "RO",
                    "RS",
                    "RU",
                    "SA",
                    "SE",
                    "SG",
                    "SI",
                    "SK",
                    "SV",
                    "TH",
                    "TN",
                    "TR",
                    "TW",
                    "UA",
                    "US",
                    "UY",
                    "VN",
                    "XK",
                    "ZA"
                ],
                "disc_number": 1,
                "duration_ms": 207733,
                "explicit": false,
                "external_urls": {
                    "spotify": "https://open.spotify.com/track/2gvyIHua7cS9L53NvHfa9c"
                },
                "href": "https://api.spotify.com/v1/tracks/2gvyIHua7cS9L53NvHfa9c",
                "id": "2gvyIHua7cS9L53NvHfa9c",
                "is_local": false,
                "name": "Natural Mystic",
                "preview_url": null,
                "track_number": 1,
                "type": "track",
                "uri": "spotify:track:2gvyIHua7cS9L53NvHfa9c"
            },
            {
                "artists": [
                    {
                        "external_urls": {
                            "spotify": "https://open.spotify.com/artist/2QsynagSdAqZj3U9HgDzjD"
                        },
                        "href": "https://api.spotify.com/v1/artists/2QsynagSdAqZj3U9HgDzjD",
                        "id": "2QsynagSdAqZj3U9HgDzjD",
                        "name": "Bob Marley & The Wailers",
                        "type": "artist",
                        "uri": "spotify:artist:2QsynagSdAqZj3U9HgDzjD"
                    }
                ],
                "available_markets": [
                    "AD",
                    "AE",
                    "AL",
                    "AR",
                    "AT",
                    "AU",
                    "BA",
                    "BE",
                    "BG",
                    "BH",
                    "BO",
                    "BR",
                    "BY",
                    "CA",
                    "CH",
                    "CL",
                    "CO",
                    "CR",
                    "CY",
                    "CZ",
                    "DE",
                    "DK",
                    "DZ",
                    "EC",
                    "EE",
                    "EG",
                    "ES",
                    "FI",
                    "FR",
                    "GB",
                    "GR",
                    "GT",
                    "HK",
                    "HN",
                    "HR",
                    "HU",
                    "ID",
                    "IE",
                    "IL",
                    "IN",
                    "IS",
                    "IT",
                    "JO",
                    "JP",
                    "KR",
                    "KW",
                    "KZ",
                    "LB",
                    "LI",
                    "LT",
                    "LU",
                    "LV",
                    "MA",
                    "MC",
                    "MD",
                    "ME",
                    "MK",
                    "MT",
                    "MX",
                    "MY",
                    "NI",
                    "NL",
                    "NO",
                    "NZ",
                    "OM",
                    "PA",
                    "PE",
                    "PH",
                    "PL",
                    "PS",
                    "PT",
                    "PY",
                    "QA",
                    "RO",
                    "RS",
                    "RU",
                    "SA",
                    "SE",
                    "SG",
                    "SI",
                    "SK",
                    "SV",
                    "TH",
                    "TN",
                    "TR",
                    "TW",
                    "UA",
                    "US",
                    "UY",
                    "VN",
                    "XK",
                    "ZA"
                ],
                "disc_number": 1,
                "duration_ms": 188026,
                "explicit": false,
                "external_urls": {
                    "spotify": "https://open.spotify.com/track/4z62783TED1Rz0XOpBLOV7"
                },
                "href": "https://api.spotify.com/v1/tracks/4z62783TED1Rz0XOpBLOV7",
                "id": "4z62783TED1Rz0XOpBLOV7",
                "is_local": false,
                "name": "So Much Things To Say",
                "preview_url": null,
                "track_number": 2,
                "type": "track",
                "uri": "spotify:track:4z62783TED1Rz0XOpBLOV7"
            },
            {
                "artists": [
                    {
                        "external_urls": {
                            "spotify": "https://open.spotify.com/artist/2QsynagSdAqZj3U9HgDzjD"
                        },
                        "href": "https://api.spotify.com/v1/artists/2QsynagSdAqZj3U9HgDzjD",
                        "id": "2QsynagSdAqZj3U9HgDzjD",
                        "name": "Bob Marley & The Wailers",
                        "type": "artist",
                        "uri": "spotify:artist:2QsynagSdAqZj3U9HgDzjD"
                    }
                ],
                "available_markets": [
                    "AD",
                    "AE",
                    "AL",
                    "AR",
                    "AT",
                    "AU",
                    "BA",
                    "BE",
                    "BG",
                    "BH",
                    "BO",
                    "BR",
                    "BY",
                    "CA",
                    "CH",
                    "CL",
                    "CO",
                    "CR",
                    "CY",
                    "CZ",
                    "DE",
                    "DK",
                    "DZ",
                    "EC",
                    "EE",
                    "EG",
                    "ES",
                    "FI",
                    "FR",
                    "GB",
                    "GR",
                    "GT",
                    "HK",
                    "HN",
                    "HR",
                    "HU",
                    "ID",
                    "IE",
                    "IL",
                    "IN",
                    "IS",
                    "IT",
                    "JO",
                    "JP",
                    "KR",
                    "KW",
                    "KZ",
                    "LB",
                    "LI",
                    "LT",
                    "LU",
                    "LV",
                    "MA",
                    "MC",
                    "MD",
                    "ME",
                    "MK",
                    "MT",
                    "MX",
                    "MY",
                    "NI",
                    "NL",
                    "NO",
                    "NZ",
                    "OM",
                    "PA",
                    "PE",
                    "PH",
                    "PL",
                    "PS",
                    "PT",
                    "PY",
                    "QA",
                    "RO",
                    "RS",
                    "RU",
                    "SA",
                    "SE",
                    "SG",
                    "SI",
                    "SK",
                    "SV",
                    "TH",
                    "TN",
                    "TR",
                    "TW",
                    "UA",
                    "US",
                    "UY",
                    "VN",
                    "XK",
                    "ZA"
                ],
                "disc_number": 1,
                "duration_ms": 199973,
                "explicit": false,
                "external_urls": {
                    "spotify": "https://open.spotify.com/track/6HrfowLOfZo2hy01Md494V"
                },
                "href": "https://api.spotify.com/v1/tracks/6HrfowLOfZo2hy01Md494V",
                "id": "6HrfowLOfZo2hy01Md494V",
                "is_local": false,
                "name": "Guiltiness",
                "preview_url": null,
                "track_number": 3,
                "type": "track",
                "uri": "spotify:track:6HrfowLOfZo2hy01Md494V"
            },
            {
                "artists": [
                    {
                        "external_urls": {
                            "spotify": "https://open.spotify.com/artist/2QsynagSdAqZj3U9HgDzjD"
                        },
                        "href": "https://api.spotify.com/v1/artists/2QsynagSdAqZj3U9HgDzjD",
                        "id": "2QsynagSdAqZj3U9HgDzjD",
                        "name": "Bob Marley & The Wailers",
                        "type": "artist",
                        "uri": "spotify:artist:2QsynagSdAqZj3U9HgDzjD"
                    }
                ],
                "available_markets": [
                    "AD",
                    "AE",
                    "AL",
                    "AR",
                    "AT",
                    "AU",
                    "BA",
                    "BE",
                    "BG",
                    "BH",
                    "BO",
                    "BR",
                    "BY",
                    "CA",
                    "CH",
                    "CL",
                    "CO",
                    "CR",
                    "CY",
                    "CZ",
                    "DE",
                    "DK",
                    "DZ",
                    "EC",
                    "EE",
                    "EG",
                    "ES",
                    "FI",
                    "FR",
                    "GB",
                    "GR",
                    "GT",
                    "HK",
                    "HN",
                    "HR",
                    "HU",
                    "ID",
                    "IE",
                    "IL",
                    "IN",
                    "IS",
                    "IT",
                    "JO",
                    "JP",
                    "KR",
                    "KW",
                    "KZ",
                    "LB",
                    "LI",
                    "LT",
                    "LU",
                    "LV",
                    "MA",
                    "MC",
                    "MD",
                    "ME",
                    "MK",
                    "MT",
                    "MX",
                    "MY",
                    "NI",
                    "NL",
                    "NO",
                    "NZ",
                    "OM",
                    "PA",
                    "PE",
                    "PH",
                    "PL",
                    "PS",
                    "PT",
                    "PY",
                    "QA",
                    "RO",
                    "RS",
                    "RU",
                    "SA",
                    "SE",
                    "SG",
                    "SI",
                    "SK",
                    "SV",
                    "TH",
                    "TN",
                    "TR",
                    "TW",
                    "UA",
                    "US",
                    "UY",
                    "VN",
                    "XK",
                    "ZA"
                ],
                "disc_number": 1,
                "duration_ms": 152066,
                "explicit": false,
                "external_urls": {
                    "spotify": "https://open.spotify.com/track/3GlaUbcv4UvNR6bFLzAZJe"
                },
                "href": "https://api.spotify.com/v1/tracks/3GlaUbcv4UvNR6bFLzAZJe",
                "id": "3GlaUbcv4UvNR6bFLzAZJe",
                "is_local": false,
                "name": "The Heathen",
                "preview_url": null,
                "track_number": 4,
                "type": "track",
                "uri": "spotify:track:3GlaUbcv4UvNR6bFLzAZJe"
            },
            {
                "artists": [
                    {
                        "external_urls": {
                            "spotify": "https://open.spotify.com/artist/2QsynagSdAqZj3U9HgDzjD"
                        },
                        "href": "https://api.spotify.com/v1/artists/2QsynagSdAqZj3U9HgDzjD",
                        "id": "2QsynagSdAqZj3U9HgDzjD",
                        "name": "Bob Marley & The Wailers",
                        "type": "artist",
                        "uri": "spotify:artist:2QsynagSdAqZj3U9HgDzjD"
                    }
                ],
                "available_markets": [
                    "AD",
                    "AE",
                    "AL",
                    "AR",
                    "AT",
                    "AU",
                    "BA",
                    "BE",
                    "BG",
                    "BH",
                    "BO",
                    "BR",
                    "BY",
                    "CA",
                    "CH",
                    "CL",
                    "CO",
                    "CR",
                    "CY",
                    "CZ",
                    "DE",
                    "DK",
                    "DZ",
                    "EC",
                    "EE",
                    "EG",
                    "ES",
                    "FI",
                    "FR",
                    "GB",
                    "GR",
                    "GT",
                    "HK",
                    "HN",
                    "HR",
                    "HU",
                    "ID",
                    "IE",
                    "IL",
                    "IN",
                    "IS",
                    "IT",
                    "JO",
                    "JP",
                    "KR",
                    "KW",
                    "KZ",
                    "LB",
                    "LI",
                    "LT",
                    "LU",
                    "LV",
                    "MA",
                    "MC",
                    "MD",
                    "ME",
                    "MK",
                    "MT",
                    "MX",
                    "MY",
                    "NI",
                    "NL",
                    "NO",
                    "NZ",
                    "OM",
                    "PA",
                    "PE",
                    "PH",
                    "PL",
                    "PS",
                    "PT",
                    "PY",
                    "QA",
                    "RO",
                    "RS",
                    "RU",
                    "SA",
                    "SE",
                    "SG",
                    "SI",
                    "SK",
                    "SV",
                    "TH",
                    "TN",
                    "TR",
                    "TW",
                    "UA",
                    "US",
                    "UY",
                    "VN",
                    "XK",
                    "ZA"
                ],
                "disc_number": 1,
                "duration_ms": 460226,
                "explicit": false,
                "external_urls": {
                    "spotify": "https://open.spotify.com/track/5nDPGDOqmAeSV4hXQsAU01"
                },
                "href": "https://api.spotify.com/v1/tracks/5nDPGDOqmAeSV4hXQsAU01",
                "id": "5nDPGDOqmAeSV4hXQsAU01",
                "is_local": false,
                "name": "Exodus",
                "preview_url": null,
                "track_number": 5,
                "type": "track",
                "uri": "spotify:track:5nDPGDOqmAeSV4hXQsAU01"
            },
            {
                "artists": [
                    {
                        "external_urls": {
                            "spotify": "https://open.spotify.com/artist/2QsynagSdAqZj3U9HgDzjD"
                        },
                        "href": "https://api.spotify.com/v1/artists/2QsynagSdAqZj3U9HgDzjD",
                        "id": "2QsynagSdAqZj3U9HgDzjD",
                        "name": "Bob Marley & The Wailers",
                        "type": "artist",
                        "uri": "spotify:artist:2QsynagSdAqZj3U9HgDzjD"
                    }
                ],
                "available_markets": [
                    "AD",
                    "AE",
                    "AL",
                    "AR",
                    "AT",
                    "AU",
                    "BA",
                    "BE",
                    "BG",
                    "BH",
                    "BO",
                    "BR",
                    "BY",
                    "CA",
                    "CH",
                    "CL",
                    "CO",
                    "CR",
                    "CY",
                    "CZ",
                    "DE",
                    "DK",
                    "DZ",
                    "EC",
                    "EE",
                    "EG",
                    "ES",
                    "FI",
                    "FR",
                    "GB",
                    "GR",
                    "GT",
                    "HK",
                    "HN",
                    "HR",
                    "HU",
                    "ID",
                    "IE",
                    "IL",
                    "IN",
                    "IS",
                    "IT",
                    "JO",
                    "JP",
                    "KR",
                    "KW",
                    "KZ",
                    "LB",
                    "LI",
                    "LT",
                    "LU",
                    "LV",
                    "MA",
                    "MC",
                    "MD",
                    "ME",
                    "MK",
                    "MT",
                    "MX",
                    "MY",
                    "NI",
                    "NL",
                    "NO",
                    "NZ",
                    "OM",
                    "PA",
                    "PE",
                    "PH",
                    "PL",
                    "PS",
                    "PT",
                    "PY",
                    "QA",
                    "RO",
                    "RS",
                    "RU",
                    "SA",
                    "SE",
                    "SG",
                    "SI",
                    "SK",
                    "SV",
                    "TH",
                    "TN",
                    "TR",
                    "TW",
                    "UA",
                    "US",
                    "UY",
                    "VN",
                    "XK",
                    "ZA"
                ],
                "disc_number": 1,
                "duration_ms": 211000,
                "explicit": false,
                "external_urls": {
                    "spotify": "https://open.spotify.com/track/4zn0kScuV9Oj28d4g9CQQs"
                },
                "href": "https://api.spotify.com/v1/tracks/4zn0kScuV9Oj28d4g9CQQs",
                "id": "4zn0kScuV9Oj28d4g9CQQs",
                "is_local": false,
                "name": "Jamming",
                "preview_url": null,
                "track_number": 6,
                "type": "track",
                "uri": "spotify:track:4zn0kScuV9Oj28d4g9CQQs"
            },
            {
                "artists": [
                    {
                        "external_urls": {
                            "spotify": "https://open.spotify.com/artist/2QsynagSdAqZj3U9HgDzjD"
                        },
                        "href": "https://api.spotify.com/v1/artists/2QsynagSdAqZj3U9HgDzjD",
                        "id": "2QsynagSdAqZj3U9HgDzjD",
                        "name": "Bob Marley & The Wailers",
                        "type": "artist",
                        "uri": "spotify:artist:2QsynagSdAqZj3U9HgDzjD"
                    }
                ],
                "available_markets": [
                    "AD",
                    "AE",
                    "AL",
                    "AR",
                    "AT",
                    "AU",
                    "BA",
                    "BE",
                    "BG",
                    "BH",
                    "BO",
                    "BR",
                    "BY",
                    "CA",
                    "CH",
                    "CL",
                    "CO",
                    "CR",
                    "CY",
                    "CZ",
                    "DE",
                    "DK",
                    "DZ",
                    "EC",
                    "EE",
                    "EG",
                    "ES",
                    "FI",
                    "FR",
                    "GB",
                    "GR",
                    "GT",
                    "HK",
                    "HN",
                    "HR",
                    "HU",
                    "ID",
                    "IE",
                    "IL",
                    "IN",
                    "IS",
                    "IT",
                    "JO",
                    "JP",
                    "KR",
                    "KW",
                    "KZ",
                    "LB",
                    "LI",
                    "LT",
                    "LU",
                    "LV",
                    "MA",
                    "MC",
                    "MD",
                    "ME",
                    "MK",
                    "MT",
                    "MX",
                    "MY",
                    "NI",
                    "NL",
                    "NO",
                    "NZ",
                    "OM",
                    "PA",
                    "PE",
                    "PH",
                    "PL",
                    "PS",
                    "PT",
                    "PY",
                    "QA",
                    "RO",
                    "RS",
                    "RU",
                    "SA",
                    "SE",
                    "SG",
                    "SI",
                    "SK",
                    "SV",
                    "TH",
                    "TN",
                    "TR",
                    "TW",
                    "UA",
                    "US",
                    "UY",
                    "VN",
                    "XK",
                    "ZA"
                ],
                "disc_number": 1,
                "duration_ms": 256240,
                "explicit": false,
                "external_urls": {
                    "spotify": "https://open.spotify.com/track/4Gq2ydMKhDZmctzkmk2bYo"
                },
                "href": "https://api.spotify.com/v1/tracks/4Gq2ydMKhDZmctzkmk2bYo",
                "id": "4Gq2ydMKhDZmctzkmk2bYo",
                "is_local": false,
                "name": "Waiting In Vain",
                "preview_url": null,
                "track_number": 7,
                "type": "track",
                "uri": "spotify:track:4Gq2ydMKhDZmctzkmk2bYo"
            },
            {
                "artists": [
                    {
                        "external_urls": {
                            "spotify": "https://open.spotify.com/artist/2QsynagSdAqZj3U9HgDzjD"
                        },
                        "href": "https://api.spotify.com/v1/artists/2QsynagSdAqZj3U9HgDzjD",
                        "id": "2QsynagSdAqZj3U9HgDzjD",
                        "name": "Bob Marley & The Wailers",
                        "type": "artist",
                        "uri": "spotify:artist:2QsynagSdAqZj3U9HgDzjD"
                    }
                ],
                "available_markets": [
                    "AD",
                    "AE",
                    "AL",
                    "AR",
                    "AT",
                    "AU",
                    "BA",
                    "BE",
                    "BG",
                    "BH",
                    "BO",
                    "BR",
                    "BY",
                    "CA",
                    "CH",
                    "CL",
                    "CO",
                    "CR",
                    "CY",
                    "CZ",
                    "DE",
                    "DK",
                    "DZ",
                    "EC",
                    "EE",
                    "EG",
                    "ES",
                    "FI",
                    "FR",
                    "GB",
                    "GR",
                    "GT",
                    "HK",
                    "HN",
                    "HR",
                    "HU",
                    "ID",
                    "IE",
                    "IL",
                    "IN",
                    "IS",
                    "IT",
                    "JO",
                    "JP",
                    "KR",
                    "KW",
                    "KZ",
                    "LB",
                    "LI",
                    "LT",
                    "LU",
                    "LV",
                    "MA",
                    "MC",
                    "MD",
                    "ME",
                    "MK",
                    "MT",
                    "MX",
                    "MY",
                    "NI",
                    "NL",
                    "NO",
                    "NZ",
                    "OM",
                    "PA",
                    "PE",
                    "PH",
                    "PL",
                    "PS",
                    "PT",
                    "PY",
                    "QA",
                    "RO",
                    "RS",
                    "RU",
                    "SA",
                    "SE",
                    "SG",
                    "SI",
                    "SK",
                    "SV",
                    "TH",
                    "TN",
                    "TR",
                    "TW",
                    "UA",
                    "US",
                    "UY",
                    "VN",
                    "XK",
                    "ZA"
                ],
                "disc_number": 1,
                "duration_ms": 219360,
                "explicit": false,
                "external_urls": {
                    "spotify": "https://open.spotify.com/track/5qX1QLYUgzhIdrjKUnRd3p"
                },
                "href": "https://api.spotify.com/v1/tracks/5qX1QLYUgzhIdrjKUnRd3p",
                "id": "5qX1QLYUgzhIdrjKUnRd3p",
                "is_local": false,
                "name": "Turn Your Lights Down Low",
                "preview_url": null,
                "track_number": 8,
                "type": "track",
                "uri": "spotify:track:5qX1QLYUgzhIdrjKUnRd3p"
            },
            {
                "artists": [
                    {
                        "external_urls": {
                            "spotify": "https://open.spotify.com/artist/2QsynagSdAqZj3U9HgDzjD"
                        },
                        "href": "https://api.spotify.com/v1/artists/2QsynagSdAqZj3U9HgDzjD",
                        "id": "2QsynagSdAqZj3U9HgDzjD",
                        "name": "Bob Marley & The Wailers",
                        "type": "artist",
                        "uri": "spotify:artist:2QsynagSdAqZj3U9HgDzjD"
                    }
                ],
                "available_markets": [
                    "AD",
                    "AE",
                    "AL",
                    "AR",
                    "AT",
                    "AU",
                    "BA",
                    "BE",
                    "BG",
                    "BH",
                    "BO",
                    "BR",
                    "BY",
                    "CA",
                    "CH",
                    "CL",
                    "CO",
                    "CR",
                    "CY",
                    "CZ",
                    "DE",
                    "DK",
                    "DZ",
                    "EC",
                    "EE",
                    "EG",
                    "ES",
                    "FI",
                    "FR",
                    "GB",
                    "GR",
                    "GT",
                    "HK",
                    "HN",
                    "HR",
                    "HU",
                    "ID",
                    "IE",
                    "IL",
                    "IN",
                    "IS",
                    "IT",
                    "JO",
                    "JP",
                    "KR",
                    "KW",
                    "KZ",
                    "LB",
                    "LI",
                    "LT",
                    "LU",
                    "LV",
                    "MA",
                    "MC",
                    "MD",
                    "ME",
                    "MK",
                    "MT",
                    "MX",
                    "MY",
                    "NI",
                    "NL",
                    "NO",
                    "NZ",
                    "OM",
                    "PA",
                    "PE",
                    "PH",
                    "PL",
                    "PS",
                    "PT",
                    "PY",
                    "QA",
                    "RO",
                    "RS",
                    "RU",
                    "SA",
                    "SE",
                    "SG",
                    "SI",
                    "SK",
                    "SV",
                    "TH",
                    "TN",
                    "TR",
                    "TW",
                    "UA",
                    "US",
                    "UY",
                    "VN",
                    "XK",
                    "ZA"
                ],
                "disc_number": 1,
                "duration_ms": 180266,
                "explicit": false,
                "external_urls": {
                    "spotify": "https://open.spotify.com/track/6A9mKXlFRPMPem6ygQSt7z"
                },
                "href": "https://api.spotify.com/v1/tracks/6A9mKXlFRPMPem6ygQSt7z",
                "id": "6A9mKXlFRPMPem6ygQSt7z",
                "is_local": false,
                "name": "Three Little Birds",
                "preview_url": null,
                "track_number": 9,
                "type": "track",
                "uri": "spotify:track:6A9mKXlFRPMPem6ygQSt7z"
            },
            {
                "artists": [
                    {
                        "external_urls": {
                            "spotify": "https://open.spotify.com/artist/2QsynagSdAqZj3U9HgDzjD"
                        },
                        "href": "https://api.spotify.com/v1/artists/2QsynagSdAqZj3U9HgDzjD",
                        "id": "2QsynagSdAqZj3U9HgDzjD",
                        "name": "Bob Marley & The Wailers",
                        "type": "artist",
                        "uri": "spotify:artist:2QsynagSdAqZj3U9HgDzjD"
                    }
                ],
                "available_markets": [
                    "AD",
                    "AE",
                    "AL",
                    "AR",
                    "AT",
                    "AU",
                    "BA",
                    "BE",
                    "BG",
                    "BH",
                    "BO",
                    "BR",
                    "BY",
                    "CA",
                    "CH",
                    "CL",
                    "CO",
                    "CR",
                    "CY",
                    "CZ",
                    "DE",
                    "DK",
                    "DZ",
                    "EC",
                    "EE",
                    "EG",
                    "ES",
                    "FI",
                    "FR",
                    "GB",
                    "GR",
                    "GT",
                    "HK",
                    "HN",
                    "HR",
                    "HU",
                    "ID",
                    "IE",
                    "IL",
                    "IN",
                    "IS",
                    "IT",
                    "JO",
                    "JP",
                    "KR",
                    "KW",
                    "KZ",
                    "LB",
                    "LI",
                    "LT",
                    "LU",
                    "LV",
                    "MA",
                    "MC",
                    "MD",
                    "ME",
                    "MK",
                    "MT",
                    "MX",
                    "MY",
                    "NI",
                    "NL",
                    "NO",
                    "NZ",
                    "OM",
                    "PA",
                    "PE",
                    "PH",
                    "PL",
                    "PS",
                    "PT",
                    "PY",
                    "QA",
                    "RO",
                    "RS",
                    "RU",
                    "SA",
                    "SE",
                    "SG",
                    "SI",
                    "SK",
                    "SV",
                    "TH",
                    "TN",
                    "TR",
                    "TW",
                    "UA",
                    "US",
                    "UY",
                    "VN",
                    "XK",
                    "ZA"
                ],
                "disc_number": 1,
                "duration_ms": 172933,
                "explicit": false,
                "external_urls": {
                    "spotify": "https://open.spotify.com/track/2HcyIzVsX45jLIxK7SH2aI"
                },
                "href": "https://api.spotify.com/v1/tracks/2HcyIzVsX45jLIxK7SH2aI",
                "id": "2HcyIzVsX45jLIxK7SH2aI",
                "is_local": false,
                "name": "One Love / People Get Ready - Medley",
                "preview_url": null,
                "track_number": 10,
                "type": "track",
                "uri": "spotify:track:2HcyIzVsX45jLIxK7SH2aI"
            },
            {
                "artists": [
                    {
                        "external_urls": {
                            "spotify": "https://open.spotify.com/artist/2QsynagSdAqZj3U9HgDzjD"
                        },
                        "href": "https://api.spotify.com/v1/artists/2QsynagSdAqZj3U9HgDzjD",
                        "id": "2QsynagSdAqZj3U9HgDzjD",
                        "name": "Bob Marley & The Wailers",
                        "type": "artist",
                        "uri": "spotify:artist:2QsynagSdAqZj3U9HgDzjD"
                    }
                ],
                "available_markets": [
                    "AD",
                    "AE",
                    "AL",
                    "AR",
                    "AT",
                    "AU",
                    "BA",
                    "BE",
                    "BG",
                    "BH",
                    "BO",
                    "BR",
                    "BY",
                    "CA",
                    "CH",
                    "CL",
                    "CO",
                    "CR",
                    "CY",
                    "CZ",
                    "DE",
                    "DK",
                    "DZ",
                    "EC",
                    "EE",
                    "EG",
                    "ES",
                    "FI",
                    "FR",
                    "GB",
                    "GR",
                    "GT",
                    "HK",
                    "HN",
                    "HR",
                    "HU",
                    "ID",
                    "IE",
                    "IL",
                    "IN",
                    "IS",
                    "IT",
                    "JO",
                    "JP",
                    "KR",
                    "KW",
                    "KZ",
                    "LB",
                    "LI",
                    "LT",
                    "LU",
                    "LV",
                    "MA",
                    "MC",
                    "MD",
                    "ME",
                    "MK",
                    "MT",
                    "MX",
                    "MY",
                    "NI",
                    "NL",
                    "NO",
                    "NZ",
                    "OM",
                    "PA",
                    "PE",
                    "PH",
                    "PL",
                    "PS",
                    "PT",
                    "PY",
                    "QA",
                    "RO",
                    "RS",
                    "RU",
                    "SA",
                    "SE",
                    "SG",
                    "SI",
                    "SK",
                    "SV",
                    "TH",
                    "TN",
                    "TR",
                    "TW",
                    "UA",
                    "US",
                    "UY",
                    "VN",
                    "XK",
                    "ZA"
                ],
                "disc_number": 1,
                "duration_ms": 223466,
                "explicit": false,
                "external_urls": {
                    "spotify": "https://open.spotify.com/track/3gBayDLYifAkoGXGOSN8mD"
                },
                "href": "https://api.spotify.com/v1/tracks/3gBayDLYifAkoGXGOSN8mD",
                "id": "3gBayDLYifAkoGXGOSN8mD",
                "is_local": false,
                "name": "Roots",
                "preview_url": null,
                "track_number": 11,
                "type": "track",
                "uri": "spotify:track:3gBayDLYifAkoGXGOSN8mD"
            },
            {
                "artists": [
                    {
                        "external_urls": {
                            "spotify": "https://open.spotify.com/artist/2QsynagSdAqZj3U9HgDzjD"
                        },
                        "href": "https://api.spotify.com/v1/artists/2QsynagSdAqZj3U9HgDzjD",
                        "id": "2QsynagSdAqZj3U9HgDzjD",
                        "name": "Bob Marley & The Wailers",
                        "type": "artist",
                        "uri": "spotify:artist:2QsynagSdAqZj3U9HgDzjD"
                    }
                ],
                "available_markets": [
                    "AD",
                    "AE",
                    "AL",
                    "AR",
                    "AT",
                    "AU",
                    "BA",
                    "BE",
                    "BG",
                    "BH",
                    "BO",
                    "BR",
                    "BY",
                    "CA",
                    "CH",
                    "CL",
                    "CO",
                    "CR",
                    "CY",
                    "CZ",
                    "DE",
                    "DK",
                    "DZ",
                    "EC",
                    "EE",
                    "EG",
                    "ES",
                    "FI",
                    "FR",
                    "GB",
                    "GR",
                    "GT",
                    "HK",
                    "HN",
                    "HR",
                    "HU",
                    "ID",
                    "IE",
                    "IL",
                    "IN",
                    "IS",
                    "IT",
                    "JO",
                    "JP",
                    "KR",
                    "KW",
                    "KZ",
                    "LB",
                    "LI",
                    "LT",
                    "LU",
                    "LV",
                    "MA",
                    "MC",
                    "MD",
                    "ME",
                    "MK",
                    "MT",
                    "MX",
                    "MY",
                    "NI",
                    "NL",
                    "NO",
                    "NZ",
                    "OM",
                    "PA",
                    "PE",
                    "PH",
                    "PL",
                    "PS",
                    "PT",
                    "PY",
                    "QA",
                    "RO",
                    "RS",
                    "RU",
                    "SA",
                    "SE",
                    "SG",
                    "SI",
                    "SK",
                    "SV",
                    "TH",
                    "TN",
                    "TR",
                    "TW",
                    "UA",
                    "US",
                    "UY",
                    "VN",
                    "XK",
                    "ZA"
                ],
                "disc_number": 1,
                "duration_ms": 284266,
                "explicit": false,
                "external_urls": {
                    "spotify": "https://open.spotify.com/track/18nAHjKEvZ9s0aJkjPg79j"
                },
                "href": "https://api.spotify.com/v1/tracks/18nAHjKEvZ9s0aJkjPg79j",
                "id": "18nAHjKEvZ9s0aJkjPg79j",
                "is_local": false,
                "name": "Waiting In Vain - Alternate Version",
                "preview_url": null,
                "track_number": 12,
                "type": "track",
                "uri": "spotify:track:18nAHjKEvZ9s0aJkjPg79j"
            },
            {
                "artists": [
                    {
                        "external_urls": {
                            "spotify": "https://open.spotify.com/artist/2QsynagSdAqZj3U9HgDzjD"
                        },
                        "href": "https://api.spotify.com/v1/artists/2QsynagSdAqZj3U9HgDzjD",
                        "id": "2QsynagSdAqZj3U9HgDzjD",
                        "name": "Bob Marley & The Wailers",
                        "type": "artist",
                        "uri": "spotify:artist:2QsynagSdAqZj3U9HgDzjD"
                    }
                ],
                "available_markets": [
                    "AD",
                    "AE",
                    "AL",
                    "AR",
                    "AT",
                    "AU",
                    "BA",
                    "BE",
                    "BG",
                    "BH",
                    "BO",
                    "BR",
                    "BY",
                    "CA",
                    "CH",
                    "CL",
                    "CO",
                    "CR",
                    "CY",
                    "CZ",
                    "DE",
                    "DK",
                    "DZ",
                    "EC",
                    "EE",
                    "EG",
                    "ES",
                    "FI",
                    "FR",
                    "GB",
                    "GR",
                    "GT",
                    "HK",
                    "HN",
                    "HR",
                    "HU",
                    "ID",
                    "IE",
                    "IL",
                    "IN",
                    "IS",
                    "IT",
                    "JO",
                    "JP",
                    "KR",
                    "KW",
                    "KZ",
                    "LB",
                    "LI",
                    "LT",
                    "LU",
                    "LV",
                    "MA",
                    "MC",
                    "MD",
                    "ME",
                    "MK",
                    "MT",
                    "MX",
                    "MY",
                    "NI",
                    "NL",
                    "NO",
                    "NZ",
                    "OM",
                    "PA",
                    "PE",
                    "PH",
                    "PL",
                    "PS",
                    "PT",
                    "PY",
                    "QA",
                    "RO",
                    "RS",
                    "RU",
                    "SA",
                    "SE",
                    "SG",
                    "SI",
                    "SK",
                    "SV",
                    "TH",
                    "TN",
                    "TR",
                    "TW",
                    "UA",
                    "US",
                    "UY",
                    "VN",
                    "XK",
                    "ZA"
                ],
                "disc_number": 1,
                "duration_ms": 352266,
                "explicit": false,
                "external_urls": {
                    "spotify": "https://open.spotify.com/track/1JD0IQb6UR5BJvRBg6hfTi"
                },
                "href": "https://api.spotify.com/v1/tracks/1JD0IQb6UR5BJvRBg6hfTi",
                "id": "1JD0IQb6UR5BJvRBg6hfTi",
                "is_local": false,
                "name": "Jamming - Long Version",
                "preview_url": null,
                "track_number": 13,
                "type": "track",
                "uri": "spotify:track:1JD0IQb6UR5BJvRBg6hfTi"
            },
            {
                "artists": [
                    {
                        "external_urls": {
                            "spotify": "https://open.spotify.com/artist/2QsynagSdAqZj3U9HgDzjD"
                        },
                        "href": "https://api.spotify.com/v1/artists/2QsynagSdAqZj3U9HgDzjD",
                        "id": "2QsynagSdAqZj3U9HgDzjD",
                        "name": "Bob Marley & The Wailers",
                        "type": "artist",
                        "uri": "spotify:artist:2QsynagSdAqZj3U9HgDzjD"
                    }
                ],
                "available_markets": [
                    "AD",
                    "AE",
                    "AL",
                    "AR",
                    "AT",
                    "AU",
                    "BA",
                    "BE",
                    "BG",
                    "BH",
                    "BO",
                    "BR",
                    "BY",
                    "CA",
                    "CH",
                    "CL",
                    "CO",
                    "CR",
                    "CY",
                    "CZ",
                    "DE",
                    "DK",
                    "DZ",
                    "EC",
                    "EE",
                    "EG",
                    "ES",
                    "FI",
                    "FR",
                    "GB",
                    "GR",
                    "GT",
                    "HK",
                    "HN",
                    "HR",
                    "HU",
                    "ID",
                    "IE",
                    "IL",
                    "IN",
                    "IS",
                    "IT",
                    "JO",
                    "JP",
                    "KR",
                    "KW",
                    "KZ",
                    "LB",
                    "LI",
                    "LT",
                    "LU",
                    "LV",
                    "MA",
                    "MC",
                    "MD",
                    "ME",
                    "MK",
                    "MT",
                    "MX",
                    "MY",
                    "NI",
                    "NL",
                    "NO",
                    "NZ",
                    "OM",
                    "PA",
                    "PE",
                    "PH",
                    "PL",
                    "PS",
                    "PT",
                    "PY",
                    "QA",
                    "RO",
                    "RS",
                    "RU",
                    "SA",
                    "SE",
                    "SG",
                    "SI",
                    "SK",
                    "SV",
                    "TH",
                    "TN",
                    "TR",
                    "TW",
                    "UA",
                    "US",
                    "UY",
                    "VN",
                    "XK",
                    "ZA"
                ],
                "disc_number": 1,
                "duration_ms": 184226,
                "explicit": false,
                "external_urls": {
                    "spotify": "https://open.spotify.com/track/3nx9g7KqzEgLvvY32zgF0O"
                },
                "href": "https://api.spotify.com/v1/tracks/3nx9g7KqzEgLvvY32zgF0O",
                "id": "3nx9g7KqzEgLvvY32zgF0O",
                "is_local": false,
                "name": "Jammin'",
                "preview_url": null,
                "track_number": 14,
                "type": "track",
                "uri": "spotify:track:3nx9g7KqzEgLvvY32zgF0O"
            },
            {
                "artists": [
                    {
                        "external_urls": {
                            "spotify": "https://open.spotify.com/artist/2QsynagSdAqZj3U9HgDzjD"
                        },
                        "href": "https://api.spotify.com/v1/artists/2QsynagSdAqZj3U9HgDzjD",
                        "id": "2QsynagSdAqZj3U9HgDzjD",
                        "name": "Bob Marley & The Wailers",
                        "type": "artist",
                        "uri": "spotify:artist:2QsynagSdAqZj3U9HgDzjD"
                    }
                ],
                "available_markets": [
                    "AD",
                    "AE",
                    "AL",
                    "AR",
                    "AT",
                    "AU",
                    "BA",
                    "BE",
                    "BG",
                    "BH",
                    "BO",
                    "BR",
                    "BY",
                    "CA",
                    "CH",
                    "CL",
                    "CO",
                    "CR",
                    "CY",
                    "CZ",
                    "DE",
                    "DK",
                    "DZ",
                    "EC",
                    "EE",
                    "EG",
                    "ES",
                    "FI",
                    "FR",
                    "GB",
                    "GR",
                    "GT",
                    "HK",
                    "HN",
                    "HR",
                    "HU",
                    "ID",
                    "IE",
                    "IL",
                    "IN",
                    "IS",
                    "IT",
                    "JO",
                    "JP",
                    "KR",
                    "KW",
                    "KZ",
                    "LB",
                    "LI",
                    "LT",
                    "LU",
                    "LV",
                    "MA",
                    "MC",
                    "MD",
                    "ME",
                    "MK",
                    "MT",
                    "MX",
                    "MY",
                    "NI",
                    "NL",
                    "NO",
                    "NZ",
                    "OM",
                    "PA",
                    "PE",
                    "PH",
                    "PL",
                    "PS",
                    "PT",
                    "PY",
                    "QA",
                    "RO",
                    "RS",
                    "RU",
                    "SA",
                    "SE",
                    "SG",
                    "SI",
                    "SK",
                    "SV",
                    "TH",
                    "TN",
                    "TR",
                    "TW",
                    "UA",
                    "US",
                    "UY",
                    "VN",
                    "XK",
                    "ZA"
                ],
                "disc_number": 1,
                "duration_ms": 188306,
                "explicit": false,
                "external_urls": {
                    "spotify": "https://open.spotify.com/track/549XeLNUCJ2i1rGucL0rxY"
                },
                "href": "https://api.spotify.com/v1/tracks/549XeLNUCJ2i1rGucL0rxY",
                "id": "549XeLNUCJ2i1rGucL0rxY",
                "is_local": false,
                "name": "Exodus - B-Side / Single Version",
                "preview_url": null,
                "track_number": 15,
                "type": "track",
                "uri": "spotify:track:549XeLNUCJ2i1rGucL0rxY"
            },
            {
                "artists": [
                    {
                        "external_urls": {
                            "spotify": "https://open.spotify.com/artist/2QsynagSdAqZj3U9HgDzjD"
                        },
                        "href": "https://api.spotify.com/v1/artists/2QsynagSdAqZj3U9HgDzjD",
                        "id": "2QsynagSdAqZj3U9HgDzjD",
                        "name": "Bob Marley & The Wailers",
                        "type": "artist",
                        "uri": "spotify:artist:2QsynagSdAqZj3U9HgDzjD"
                    }
                ],
                "available_markets": [
                    "AD",
                    "AE",
                    "AL",
                    "AR",
                    "AT",
                    "AU",
                    "BA",
                    "BE",
                    "BG",
                    "BH",
                    "BO",
                    "BR",
                    "BY",
                    "CA",
                    "CH",
                    "CL",
                    "CO",
                    "CR",
                    "CY",
                    "CZ",
                    "DE",
                    "DK",
                    "DZ",
                    "EC",
                    "EE",
                    "EG",
                    "ES",
                    "FI",
                    "FR",
                    "GB",
                    "GR",
                    "GT",
                    "HK",
                    "HN",
                    "HR",
                    "HU",
                    "ID",
                    "IE",
                    "IL",
                    "IN",
                    "IS",
                    "IT",
                    "JO",
                    "JP",
                    "KR",
                    "KW",
                    "KZ",
                    "LB",
                    "LI",
                    "LT",
                    "LU",
                    "LV",
                    "MA",
                    "MC",
                    "MD",
                    "ME",
                    "MK",
                    "MT",
                    "MX",
                    "MY",
                    "NI",
                    "NL",
                    "NO",
                    "NZ",
                    "OM",
                    "PA",
                    "PE",
                    "PH",
                    "PL",
                    "PS",
                    "PT",
                    "PY",
                    "QA",
                    "RO",
                    "RS",
                    "RU",
                    "SA",
                    "SE",
                    "SG",
                    "SI",
                    "SK",
                    "SV",
                    "TH",
                    "TN",
                    "TR",
                    "TW",
                    "UA",
                    "US",
                    "UY",
                    "VN",
                    "XK",
                    "ZA"
                ],
                "disc_number": 2,
                "duration_ms": 408200,
                "explicit": false,
                "external_urls": {
                    "spotify": "https://open.spotify.com/track/16ugR6t7BDpAeqrSjEwSvm"
                },
                "href": "https://api.spotify.com/v1/tracks/16ugR6t7BDpAeqrSjEwSvm",
                "id": "16ugR6t7BDpAeqrSjEwSvm",
                "is_local": false,
                "name": "The Heathen - Live At Rainbow Theatre, London/1977",
                "preview_url": null,
                "track_number": 1,
                "type": "track",
                "uri": "spotify:track:16ugR6t7BDpAeqrSjEwSvm"
            },
            {
                "artists": [
                    {
                        "external_urls": {
                            "spotify": "https://open.spotify.com/artist/2QsynagSdAqZj3U9HgDzjD"
                        },
                        "href": "https://api.spotify.com/v1/artists/2QsynagSdAqZj3U9HgDzjD",
                        "id": "2QsynagSdAqZj3U9HgDzjD",
                        "name": "Bob Marley & The Wailers",
                        "type": "artist",
                        "uri": "spotify:artist:2QsynagSdAqZj3U9HgDzjD"
                    }
                ],
                "available_markets": [
                    "AD",
                    "AE",
                    "AL",
                    "AR",
                    "AT",
                    "AU",
                    "BA",
                    "BE",
                    "BG",
                    "BH",
                    "BO",
                    "BR",
                    "BY",
                    "CA",
                    "CH",
                    "CL",
                    "CO",
                    "CR",
                    "CY",
                    "CZ",
                    "DE",
                    "DK",
                    "DZ",
                    "EC",
                    "EE",
                    "EG",
                    "ES",
                    "FI",
                    "FR",
                    "GB",
                    "GR",
                    "GT",
                    "HK",
                    "HN",
                    "HR",
                    "HU",
                    "ID",
                    "IE",
                    "IL",
                    "IN",
                    "IS",
                    "IT",
                    "JO",
                    "JP",
                    "KR",
                    "KW",
                    "KZ",
                    "LB",
                    "LI",
                    "LT",
                    "LU",
                    "LV",
                    "MA",
                    "MC",
                    "MD",
                    "ME",
                    "MK",
                    "MT",
                    "MX",
                    "MY",
                    "NI",
                    "NL",
                    "NO",
                    "NZ",
                    "OM",
                    "PA",
                    "PE",
                    "PH",
                    "PL",
                    "PS",
                    "PT",
                    "PY",
                    "QA",
                    "RO",
                    "RS",
                    "RU",
                    "SA",
                    "SE",
                    "SG",
                    "SI",
                    "SK",
                    "SV",
                    "TH",
                    "TN",
                    "TR",
                    "TW",
                    "UA",
                    "US",
                    "UY",
                    "VN",
                    "XK",
                    "ZA"
                ],
                "disc_number": 2,
                "duration_ms": 561600,
                "explicit": false,
                "external_urls": {
                    "spotify": "https://open.spotify.com/track/7oAoxDeJzuxMO4fGSFZyN7"
                },
                "href": "https://api.spotify.com/v1/tracks/7oAoxDeJzuxMO4fGSFZyN7",
                "id": "7oAoxDeJzuxMO4fGSFZyN7",
                "is_local": false,
                "name": "Crazy Baldhead / Running Away - Live At Rainbow Theatre, London/1977",
                "preview_url": null,
                "track_number": 2,
                "type": "track",
                "uri": "spotify:track:7oAoxDeJzuxMO4fGSFZyN7"
            },
            {
                "artists": [
                    {
                        "external_urls": {
                            "spotify": "https://open.spotify.com/artist/2QsynagSdAqZj3U9HgDzjD"
                        },
                        "href": "https://api.spotify.com/v1/artists/2QsynagSdAqZj3U9HgDzjD",
                        "id": "2QsynagSdAqZj3U9HgDzjD",
                        "name": "Bob Marley & The Wailers",
                        "type": "artist",
                        "uri": "spotify:artist:2QsynagSdAqZj3U9HgDzjD"
                    }
                ],
                "available_markets": [
                    "AD",
                    "AE",
                    "AL",
                    "AR",
                    "AT",
                    "AU",
                    "BA",
                    "BE",
                    "BG",
                    "BH",
                    "BO",
                    "BR",
                    "BY",
                    "CA",
                    "CH",
                    "CL",
                    "CO",
                    "CR",
                    "CY",
                    "CZ",
                    "DE",
                    "DK",
                    "DZ",
                    "EC",
                    "EE",
                    "EG",
                    "ES",
                    "FI",
                    "FR",
                    "GB",
                    "GR",
                    "GT",
                    "HK",
                    "HN",
                    "HR",
                    "HU",
                    "ID",
                    "IE",
                    "IL",
                    "IN",
                    "IS",
                    "IT",
                    "JO",
                    "JP",
                    "KR",
                    "KW",
                    "KZ",
                    "LB",
                    "LI",
                    "LT",
                    "LU",
                    "LV",
                    "MA",
                    "MC",
                    "MD",
                    "ME",
                    "MK",
                    "MT",
                    "MX",
                    "MY",
                    "NI",
                    "NL",
                    "NO",
                    "NZ",
                    "OM",
                    "PA",
                    "PE",
                    "PH",
                    "PL",
                    "PS",
                    "PT",
                    "PY",
                    "QA",
                    "RO",
                    "RS",
                    "RU",
                    "SA",
                    "SE",
                    "SG",
                    "SI",
                    "SK",
                    "SV",
                    "TH",
                    "TN",
                    "TR",
                    "TW",
                    "UA",
                    "US",
                    "UY",
                    "VN",
                    "XK",
                    "ZA"
                ],
                "disc_number": 2,
                "duration_ms": 464333,
                "explicit": false,
                "external_urls": {
                    "spotify": "https://open.spotify.com/track/1G3uMuzP3snHWMo3BOae1M"
                },
                "href": "https://api.spotify.com/v1/tracks/1G3uMuzP3snHWMo3BOae1M",
                "id": "1G3uMuzP3snHWMo3BOae1M",
                "is_local": false,
                "name": "War / No More Trouble - Live At Rainbow Theatre, London/1977",
                "preview_url": null,
                "track_number": 3,
                "type": "track",
                "uri": "spotify:track:1G3uMuzP3snHWMo3BOae1M"
            },
            {
                "artists": [
                    {
                        "external_urls": {
                            "spotify": "https://open.spotify.com/artist/2QsynagSdAqZj3U9HgDzjD"
                        },
                        "href": "https://api.spotify.com/v1/artists/2QsynagSdAqZj3U9HgDzjD",
                        "id": "2QsynagSdAqZj3U9HgDzjD",
                        "name": "Bob Marley & The Wailers",
                        "type": "artist",
                        "uri": "spotify:artist:2QsynagSdAqZj3U9HgDzjD"
                    }
                ],
                "available_markets": [
                    "AD",
                    "AE",
                    "AL",
                    "AR",
                    "AT",
                    "AU",
                    "BA",
                    "BE",
                    "BG",
                    "BH",
                    "BO",
                    "BR",
                    "BY",
                    "CA",
                    "CH",
                    "CL",
                    "CO",
                    "CR",
                    "CY",
                    "CZ",
                    "DE",
                    "DK",
                    "DZ",
                    "EC",
                    "EE",
                    "EG",
                    "ES",
                    "FI",
                    "FR",
                    "GB",
                    "GR",
                    "GT",
                    "HK",
                    "HN",
                    "HR",
                    "HU",
                    "ID",
                    "IE",
                    "IL",
                    "IN",
                    "IS",
                    "IT",
                    "JO",
                    "JP",
                    "KR",
                    "KW",
                    "KZ",
                    "LB",
                    "LI",
                    "LT",
                    "LU",
                    "LV",
                    "MA",
                    "MC",
                    "MD",
                    "ME",
                    "MK",
                    "MT",
                    "MX",
                    "MY",
                    "NI",
                    "NL",
                    "NO",
                    "NZ",
                    "OM",
                    "PA",
                    "PE",
                    "PH",
                    "PL",
                    "PS",
                    "PT",
                    "PY",
                    "QA",
                    "RO",
                    "RS",
                    "RU",
                    "SA",
                    "SE",
                    "SG",
                    "SI",
                    "SK",
                    "SV",
                    "TH",
                    "TN",
                    "TR",
                    "TW",
                    "UA",
                    "US",
                    "UY",
                    "VN",
                    "XK",
                    "ZA"
                ],
                "disc_number": 2,
                "duration_ms": 427293,
                "explicit": false,
                "external_urls": {
                    "spotify": "https://open.spotify.com/track/1t4daXDoZ60IcOXvcY3EvL"
                },
                "href": "https://api.spotify.com/v1/tracks/1t4daXDoZ60IcOXvcY3EvL",
                "id": "1t4daXDoZ60IcOXvcY3EvL",
                "is_local": false,
                "name": "Jammin' - Live At Rainbow Theatre, London/1977",
                "preview_url": null,
                "track_number": 4,
                "type": "track",
                "uri": "spotify:track:1t4daXDoZ60IcOXvcY3EvL"
            },
            {
                "artists": [
                    {
                        "external_urls": {
                            "spotify": "https://open.spotify.com/artist/2QsynagSdAqZj3U9HgDzjD"
                        },
                        "href": "https://api.spotify.com/v1/artists/2QsynagSdAqZj3U9HgDzjD",
                        "id": "2QsynagSdAqZj3U9HgDzjD",
                        "name": "Bob Marley & The Wailers",
                        "type": "artist",
                        "uri": "spotify:artist:2QsynagSdAqZj3U9HgDzjD"
                    }
                ],
                "available_markets": [
                    "AD",
                    "AE",
                    "AL",
                    "AR",
                    "AT",
                    "AU",
                    "BA",
                    "BE",
                    "BG",
                    "BH",
                    "BO",
                    "BR",
                    "BY",
                    "CA",
                    "CH",
                    "CL",
                    "CO",
                    "CR",
                    "CY",
                    "CZ",
                    "DE",
                    "DK",
                    "DZ",
                    "EC",
                    "EE",
                    "EG",
                    "ES",
                    "FI",
                    "FR",
                    "GB",
                    "GR",
                    "GT",
                    "HK",
                    "HN",
                    "HR",
                    "HU",
                    "ID",
                    "IE",
                    "IL",
                    "IN",
                    "IS",
                    "IT",
                    "JO",
                    "JP",
                    "KR",
                    "KW",
                    "KZ",
                    "LB",
                    "LI",
                    "LT",
                    "LU",
                    "LV",
                    "MA",
                    "MC",
                    "MD",
                    "ME",
                    "MK",
                    "MT",
                    "MX",
                    "MY",
                    "NI",
                    "NL",
                    "NO",
                    "NZ",
                    "OM",
                    "PA",
                    "PE",
                    "PH",
                    "PL",
                    "PS",
                    "PT",
                    "PY",
                    "QA",
                    "RO",
                    "RS",
                    "RU",
                    "SA",
                    "SE",
                    "SG",
                    "SI",
                    "SK",
                    "SV",
                    "TH",
                    "TN",
                    "TR",
                    "TW",
                    "UA",
                    "US",
                    "UY",
                    "VN",
                    "XK",
                    "ZA"
                ],
                "disc_number": 2,
                "duration_ms": 706266,
                "explicit": false,
                "external_urls": {
                    "spotify": "https://open.spotify.com/track/2I4g2bNNvWWyFIyT76ntOA"
                },
                "href": "https://api.spotify.com/v1/tracks/2I4g2bNNvWWyFIyT76ntOA",
                "id": "2I4g2bNNvWWyFIyT76ntOA",
                "is_local": false,
                "name": "Exodus - Live At Rainbow Theatre, London/1977",
                "preview_url": null,
                "track_number": 5,
                "type": "track",
                "uri": "spotify:track:2I4g2bNNvWWyFIyT76ntOA"
            },
            {
                "artists": [
                    {
                        "external_urls": {
                            "spotify": "https://open.spotify.com/artist/2QsynagSdAqZj3U9HgDzjD"
                        },
                        "href": "https://api.spotify.com/v1/artists/2QsynagSdAqZj3U9HgDzjD",
                        "id": "2QsynagSdAqZj3U9HgDzjD",
                        "name": "Bob Marley & The Wailers",
                        "type": "artist",
                        "uri": "spotify:artist:2QsynagSdAqZj3U9HgDzjD"
                    }
                ],
                "available_markets": [
                    "AD",
                    "AE",
                    "AL",
                    "AR",
                    "AT",
                    "AU",
                    "BA",
                    "BE",
                    "BG",
                    "BH",
                    "BO",
                    "BR",
                    "BY",
                    "CA",
                    "CH",
                    "CL",
                    "CO",
                    "CR",
                    "CY",
                    "CZ",
                    "DE",
                    "DK",
                    "DZ",
                    "EC",
                    "EE",
                    "EG",
                    "ES",
                    "FI",
                    "FR",
                    "GB",
                    "GR",
                    "GT",
                    "HK",
                    "HN",
                    "HR",
                    "HU",
                    "ID",
                    "IE",
                    "IL",
                    "IN",
                    "IS",
                    "IT",
                    "JO",
                    "JP",
                    "KR",
                    "KW",
                    "KZ",
                    "LB",
                    "LI",
                    "LT",
                    "LU",
                    "LV",
                    "MA",
                    "MC",
                    "MD",
                    "ME",
                    "MK",
                    "MT",
                    "MX",
                    "MY",
                    "NI",
                    "NL",
                    "NO",
                    "NZ",
                    "OM",
                    "PA",
                    "PE",
                    "PH",
                    "PL",
                    "PS",
                    "PT",
                    "PY",
                    "QA",
                    "RO",
                    "RS",
                    "RU",
                    "SA",
                    "SE",
                    "SG",
                    "SI",
                    "SK",
                    "SV",
                    "TH",
                    "TN",
                    "TR",
                    "TW",
                    "UA",
                    "US",
                    "UY",
                    "VN",
                    "XK",
                    "ZA"
                ],
                "disc_number": 2,
                "duration_ms": 558533,
                "explicit": false,
                "external_urls": {
                    "spotify": "https://open.spotify.com/track/7GwxT88GeFCcyu5koxPlt7"
                },
                "href": "https://api.spotify.com/v1/tracks/7GwxT88GeFCcyu5koxPlt7",
                "id": "7GwxT88GeFCcyu5koxPlt7",
                "is_local": false,
                "name": "Punky Reggae Party - Jamaican 12\" Version",
                "preview_url": null,
                "track_number": 6,
                "type": "track",
                "uri": "spotify:track:7GwxT88GeFCcyu5koxPlt7"
            },
            {
                "artists": [
                    {
                        "external_urls": {
                            "spotify": "https://open.spotify.com/artist/2QsynagSdAqZj3U9HgDzjD"
                        },
                        "href": "https://api.spotify.com/v1/artists/2QsynagSdAqZj3U9HgDzjD",
                        "id": "2QsynagSdAqZj3U9HgDzjD",
                        "name": "Bob Marley & The Wailers",
                        "type": "artist",
                        "uri": "spotify:artist:2QsynagSdAqZj3U9HgDzjD"
                    }
                ],
                "available_markets": [
                    "AD",
                    "AE",
                    "AL",
                    "AR",
                    "AT",
                    "AU",
                    "BA",
                    "BE",
                    "BG",
                    "BH",
                    "BO",
                    "BR",
                    "BY",
                    "CA",
                    "CH",
                    "CL",
                    "CO",
                    "CR",
                    "CY",
                    "CZ",
                    "DE",
                    "DK",
                    "DZ",
                    "EC",
                    "EE",
                    "EG",
                    "ES",
                    "FI",
                    "FR",
                    "GB",
                    "GR",
                    "GT",
                    "HK",
                    "HN",
                    "HR",
                    "HU",
                    "ID",
                    "IE",
                    "IL",
                    "IN",
                    "IS",
                    "IT",
                    "JO",
                    "JP",
                    "KR",
                    "KW",
                    "KZ",
                    "LB",
                    "LI",
                    "LT",
                    "LU",
                    "LV",
                    "MA",
                    "MC",
                    "MD",
                    "ME",
                    "MK",
                    "MT",
                    "MX",
                    "MY",
                    "NI",
                    "NL",
                    "NO",
                    "NZ",
                    "OM",
                    "PA",
                    "PE",
                    "PH",
                    "PL",
                    "PS",
                    "PT",
                    "PY",
                    "QA",
                    "RO",
                    "RS",
                    "RU",
                    "SA",
                    "SE",
                    "SG",
                    "SI",
                    "SK",
                    "SV",
                    "TH",
                    "TN",
                    "TR",
                    "TW",
                    "UA",
                    "US",
                    "UY",
                    "VN",
                    "XK",
                    "ZA"
                ],
                "disc_number": 2,
                "duration_ms": 528066,
                "explicit": false,
                "external_urls": {
                    "spotify": "https://open.spotify.com/track/40uwn1VNx6yva9vQhjIcnx"
                },
                "href": "https://api.spotify.com/v1/tracks/40uwn1VNx6yva9vQhjIcnx",
                "id": "40uwn1VNx6yva9vQhjIcnx",
                "is_local": false,
                "name": "Punky Reggae Party - Dub / Jamaican 12\" Version",
                "preview_url": null,
                "track_number": 7,
                "type": "track",
                "uri": "spotify:track:40uwn1VNx6yva9vQhjIcnx"
            },
            {
                "artists": [
                    {
                        "external_urls": {
                            "spotify": "https://open.spotify.com/artist/2QsynagSdAqZj3U9HgDzjD"
                        },
                        "href": "https://api.spotify.com/v1/artists/2QsynagSdAqZj3U9HgDzjD",
                        "id": "2QsynagSdAqZj3U9HgDzjD",
                        "name": "Bob Marley & The Wailers",
                        "type": "artist",
                        "uri": "spotify:artist:2QsynagSdAqZj3U9HgDzjD"
                    }
                ],
                "available_markets": [
                    "AD",
                    "AE",
                    "AL",
                    "AR",
                    "AT",
                    "AU",
                    "BA",
                    "BE",
                    "BG",
                    "BH",
                    "BO",
                    "BR",
                    "BY",
                    "CA",
                    "CH",
                    "CL",
                    "CO",
                    "CR",
                    "CY",
                    "CZ",
                    "DE",
                    "DK",
                    "DZ",
                    "EC",
                    "EE",
                    "EG",
                    "ES",
                    "FI",
                    "FR",
                    "GB",
                    "GR",
                    "GT",
                    "HK",
                    "HN",
                    "HR",
                    "HU",
                    "ID",
                    "IE",
                    "IL",
                    "IN",
                    "IS",
                    "IT",
                    "JO",
                    "JP",
                    "KR",
                    "KW",
                    "KZ",
                    "LB",
                    "LI",
                    "LT",
                    "LU",
                    "LV",
                    "MA",
                    "MC",
                    "MD",
                    "ME",
                    "MK",
                    "MT",
                    "MX",
                    "MY",
                    "NI",
                    "NL",
                    "NO",
                    "NZ",
                    "OM",
                    "PA",
                    "PE",
                    "PH",
                    "PL",
                    "PS",
                    "PT",
                    "PY",
                    "QA",
                    "RO",
                    "RS",
                    "RU",
                    "SA",
                    "SE",
                    "SG",
                    "SI",
                    "SK",
                    "SV",
                    "TH",
                    "TN",
                    "TR",
                    "TW",
                    "UA",
                    "US",
                    "UY",
                    "VN",
                    "XK",
                    "ZA"
                ],
                "disc_number": 2,
                "duration_ms": 385866,
                "explicit": false,
                "external_urls": {
                    "spotify": "https://open.spotify.com/track/4hUPpHx2xwfspQSgxIpk9f"
                },
                "href": "https://api.spotify.com/v1/tracks/4hUPpHx2xwfspQSgxIpk9f",
                "id": "4hUPpHx2xwfspQSgxIpk9f",
                "is_local": false,
                "name": "Keep On Moving",
                "preview_url": null,
                "track_number": 8,
                "type": "track",
                "uri": "spotify:track:4hUPpHx2xwfspQSgxIpk9f"
            },
            {
                "artists": [
                    {
                        "external_urls": {
                            "spotify": "https://open.spotify.com/artist/2QsynagSdAqZj3U9HgDzjD"
                        },
                        "href": "https://api.spotify.com/v1/artists/2QsynagSdAqZj3U9HgDzjD",
                        "id": "2QsynagSdAqZj3U9HgDzjD",
                        "name": "Bob Marley & The Wailers",
                        "type": "artist",
                        "uri": "spotify:artist:2QsynagSdAqZj3U9HgDzjD"
                    }
                ],
                "available_markets": [
                    "AD",
                    "AE",
                    "AL",
                    "AR",
                    "AT",
                    "AU",
                    "BA",
                    "BE",
                    "BG",
                    "BH",
                    "BO",
                    "BR",
                    "BY",
                    "CA",
                    "CH",
                    "CL",
                    "CO",
                    "CR",
                    "CY",
                    "CZ",
                    "DE",
                    "DK",
                    "DZ",
                    "EC",
                    "EE",
                    "EG",
                    "ES",
                    "FI",
                    "FR",
                    "GB",
                    "GR",
                    "GT",
                    "HK",
                    "HN",
                    "HR",
                    "HU",
                    "ID",
                    "IE",
                    "IL",
                    "IN",
                    "IS",
                    "IT",
                    "JO",
                    "JP",
                    "KR",
                    "KW",
                    "KZ",
                    "LB",
                    "LI",
                    "LT",
                    "LU",
                    "LV",
                    "MA",
                    "MC",
                    "MD",
                    "ME",
                    "MK",
                    "MT",
                    "MX",
                    "MY",
                    "NI",
                    "NL",
                    "NO",
                    "NZ",
                    "OM",
                    "PA",
                    "PE",
                    "PH",
                    "PL",
                    "PS",
                    "PT",
                    "PY",
                    "QA",
                    "RO",
                    "RS",
                    "RU",
                    "SA",
                    "SE",
                    "SG",
                    "SI",
                    "SK",
                    "SV",
                    "TH",
                    "TN",
                    "TR",
                    "TW",
                    "UA",
                    "US",
                    "UY",
                    "VN",
                    "XK",
                    "ZA"
                ],
                "disc_number": 2,
                "duration_ms": 435133,
                "explicit": false,
                "external_urls": {
                    "spotify": "https://open.spotify.com/track/3JdTrox2xtzJ5VmMlTHP1J"
                },
                "href": "https://api.spotify.com/v1/tracks/3JdTrox2xtzJ5VmMlTHP1J",
                "id": "3JdTrox2xtzJ5VmMlTHP1J",
                "is_local": false,
                "name": "Keep On Moving - Dub",
                "preview_url": null,
                "track_number": 9,
                "type": "track",
                "uri": "spotify:track:3JdTrox2xtzJ5VmMlTHP1J"
            },
            {
                "artists": [
                    {
                        "external_urls": {
                            "spotify": "https://open.spotify.com/artist/2QsynagSdAqZj3U9HgDzjD"
                        },
                        "href": "https://api.spotify.com/v1/artists/2QsynagSdAqZj3U9HgDzjD",
                        "id": "2QsynagSdAqZj3U9HgDzjD",
                        "name": "Bob Marley & The Wailers",
                        "type": "artist",
                        "uri": "spotify:artist:2QsynagSdAqZj3U9HgDzjD"
                    }
                ],
                "available_markets": [
                    "AD",
                    "AE",
                    "AL",
                    "AR",
                    "AT",
                    "AU",
                    "BA",
                    "BE",
                    "BG",
                    "BH",
                    "BO",
                    "BR",
                    "BY",
                    "CA",
                    "CH",
                    "CL",
                    "CO",
                    "CR",
                    "CY",
                    "CZ",
                    "DE",
                    "DK",
                    "DZ",
                    "EC",
                    "EE",
                    "EG",
                    "ES",
                    "FI",
                    "FR",
                    "GB",
                    "GR",
                    "GT",
                    "HK",
                    "HN",
                    "HR",
                    "HU",
                    "ID",
                    "IE",
                    "IL",
                    "IN",
                    "IS",
                    "IT",
                    "JO",
                    "JP",
                    "KR",
                    "KW",
                    "KZ",
                    "LB",
                    "LI",
                    "LT",
                    "LU",
                    "LV",
                    "MA",
                    "MC",
                    "MD",
                    "ME",
                    "MK",
                    "MT",
                    "MX",
                    "MY",
                    "NI",
                    "NL",
                    "NO",
                    "NZ",
                    "OM",
                    "PA",
                    "PE",
                    "PH",
                    "PL",
                    "PS",
                    "PT",
                    "PY",
                    "QA",
                    "RO",
                    "RS",
                    "RU",
                    "SA",
                    "SE",
                    "SG",
                    "SI",
                    "SK",
                    "SV",
                    "TH",
                    "TN",
                    "TR",
                    "TW",
                    "UA",
                    "US",
                    "UY",
                    "VN",
                    "XK",
                    "ZA"
                ],
                "disc_number": 2,
                "duration_ms": 67893,
                "explicit": false,
                "external_urls": {
                    "spotify": "https://open.spotify.com/track/5fxLtrn1i4dEDnzdEScZUV"
                },
                "href": "https://api.spotify.com/v1/tracks/5fxLtrn1i4dEDnzdEScZUV",
                "id": "5fxLtrn1i4dEDnzdEScZUV",
                "is_local": false,
                "name": "Exodus - Radio Advertisement",
                "preview_url": null,
                "track_number": 10,
                "type": "track",
                "uri": "spotify:track:5fxLtrn1i4dEDnzdEScZUV"
            }
        ],
        "limit": 50,
        "next": null,
        "offset": 0,
        "previous": null,
        "total": 25
    },
    "type": "album",
    "uri": "spotify:album:1vHvJVBK0WnpbYFw4f4UTD"
}