{
    "albums": {
        "href": "https://api.spotify.com/v1/browse/new-releases?offset=0&limit=20",
        "items": [
            {
                "album_type": "album",
                "artists": [
                    {
                        "external_urls": {
                            "spotify": "https://open.spotify.com/artist/33eHnoVi12zOWe8MdqRYsR"
                        },
                        "href": "https://api.spotify.com/v1/artists/33eHnoVi12zOWe8MdqRYsR",
                        "id": "33eHnoVi12zOWe8MdqRYsR",
                        "name": "Judas and the Black Messiah",
                        "type": "artist",
                        "uri": "spotify:artist:33eHnoVi12zOWe8MdqRYsR"
                    }
                ],
                "available_markets": [
                    "AD",
                    "AE",
                    "AL",
                    "AR",
                    "AT",
                    "AU",
                    "BA",
                    "BE",
                    "BG",
                    "BH",
                    "BO",
                    "BR",
                    "BY",
                    "CA",
                    "CH",
                    "CL",
                    "CO",
                    "CR",
                    "CY",
                    "CZ",
                    "DE",
                    "DK",
                    "DO",
                    "DZ",
                    "EC",
                    "EE",
                    "EG",
                    "ES",
                    "FI",
                    "FR",
                    "GB",
                    "GR",
                    "GT",
                    "HK",
                    "HN",
                    "HR",
                    "HU",
                    "ID",
                    "IE",
                    "IL",
                    "IN",
                    "IS",
                    "IT",
                    "JO",
                    "JP",
                    "KR",
                    "KW",
                    "KZ",
                    "LB",
                    "LI",
                    "LT",
                    "LU",
                    "LV",
                    "MA",
                    "MC",
                    "MD",
                    "ME",
                    "MK",
                    "MT",
                    "MX",
                    "MY",
                    "NI",
                    "NL",
                    "NO",
                    "NZ",
                    "OM",
                    "PA",
                    "PE",
                    "PH",
                    "PL",
                    "PS",
                    "PT",
                    "PY",
                    "QA",
                    "RO",
                    "RS",
                    "RU",
                    "SA",
                    "SE",
                    "SG",
                    "SI",
                    "SK",
                    "SV",
                    "TH",
                    "TN",
                    "TR",
                    "TW",
                    "UA",
                    "US",
                    "UY",
                    "VN",
                    "XK",
                    "ZA"
                ],
                "external_urls": {
                    "spotify": "https://open.spotify.com/album/0f0XZWfp7I1awuU40IPGGz"
                },
                "href": "https://api.spotify.com/v1/albums/0f0XZWfp7I1awuU40IPGGz",
                "id": "0f0XZWfp7I1awuU40IPGGz",
                "images": [
                    {
                        "height": 640,
                        "url": "https://i.scdn.co/image/ab67616d0000b273b02a3380a69bd2418a1f68f1",
                        "width": 640
                    },
                    {
                        "height": 300,
                        "url": "https://i.scdn.co/image/ab67616d00001e02b02a3380a69bd2418a1f68f1",
                        "width": 300
                    },
                    {
                        "height": 64,
                        "url": "https://i.scdn.co/image/ab67616d00004851b02a3380a69bd2418a1f68f1",
                        "width": 64
                    }
                ],
                "name": "Judas and the Black Messiah: The Inspired Album",
                "release_date": "2021-02-12",
                "release_date_precision": "day",
                "total_tracks": 22,
                "type": "album",
                "uri": "spotify:album:0f0XZWfp7I1awuU40IPGGz"
            },
            {
                "album_type": "single",
                "artists": [
                    {
                        "external_urls": {
                            "spotify": "https://open.spotify.com/artist/790FomKkXshlbRYZFtlgla"
                        },
                        "href": "https://api.spotify.com/v1/artists/790FomKkXshlbRYZFtlgla",
                        "id": "790FomKkXshlbRYZFtlgla",
                        "name": "KAROL G",
                        "type": "artist",
                        "uri": "spotify:artist:790FomKkXshlbRYZFtlgla"
                    },
                    {
                        "external_urls": {
                            "spotify": "https://open.spotify.com/artist/2R21vXR83lH98kGeO99Y66"
                        },
                        "href": "https://api.spotify.com/v1/artists/2R21vXR83lH98kGeO99Y66",
                        "id": "2R21vXR83lH98kGeO99Y66",
                        "name": "Anuel AA",
                        "type": "artist",
                        "uri": "spotify:artist:2R21vXR83lH98kGeO99Y66"
                    },
                    {
                        "external_urls": {
                            "spotify": "https://open.spotify.com/artist/1vyhD5VmyZ7KMfW5gqLgo5"
                        },
                        "href": "https://api.spotify.com/v1/artists/1vyhD5VmyZ7KMfW5gqLgo5",
                        "id": "1vyhD5VmyZ7KMfW5gqLgo5",
                        "name": "J Balvin",
                        "type": "artist",
                        "uri": "spotify:artist:1vyhD5VmyZ7KMfW5gqLgo5"
                    }
                ],
                "available_markets": [
                    "AD",
                    "AE",
                    "AL",
                    "AR",
                    "AT",
                    "AU",
                    "BA",
                    "BE",
                    "BG",
                    "BH",
                    "BO",
                    "BR",
                    "BY",
                    "CA",
                    "CH",
                    "CL",
                    "CO",
                    "CR",
                    "CY",
                    "CZ",
                    "DE",
                    "DK",
                    "DO",
                    "DZ",
                    "EC",
                    "EE",
                    "EG",
                    "ES",
                    "FI",
                    "FR",
                    "GB",
                    "GR",
                    "GT",
                    "HK",
                    "HN",
                    "HR",
                    "HU",
                    "ID",
                    "IE",
                    "IL",
                    "IN",
                    "IS",
                    "IT",
                    "JO",
                    "JP",
                    "KR",
                    "KW",
                    "KZ",
                    "LB",
                    "LI",
                    "LT",
                    "LU",
                    "LV",
                    "MA",
                    "MC",
                    "MD",
                    "ME",
                    "MK",
                    "MT",
                    "MX",
                    "MY",
                    "NI",
                    "NL",
                    "NO",
                    "NZ",
                    "OM",
                    "PA",
                    "PE",
                    "PH",
                    "PL",
                    "PS",
                    "PT",
                    "PY",
                    "QA",
                    "RO",
                    "RS",
                    "RU",
                    "SA",
                    "SE",
                    "SG",
                    "SI",
                    "SK",
                    "SV",
                    "TH",
                    "TN",
                    "TR",
                    "TW",
                    "UA",
                    "US",
                    "UY",
                    "VN",
                    "XK",
                    "ZA"
                ],
                "external_urls": {
                    "spotify": "https://open.spotify.com/album/4ipeZHF3UKl2AKFqDhBCXR"
                },
                "href": "https://api.spotify.com/v1/albums/4ipeZHF3UKl2AKFqDhBCXR",
                "id": "4ipeZHF3UKl2AKFqDhBCXR",
                "images": [
                    {
                        "height": 640,
                        "url": "https://i.scdn.co/image/ab67616d0000b2735a781df1741539e2817ad357",
                        "width": 640
                    },
                    {
                        "height": 300,
                        "url": "https://i.scdn.co/image/ab67616d00001e025a781df1741539e2817ad357",
                        "width": 300
                    },
                    {
                        "height": 64,
                        "url": "https://i.scdn.co/image/ab67616d000048515a781df1741539e2817ad357",
                        "width": 64
                    }
                ],
                "name": "LOCATION",
                "release_date": "2021-02-12",
                "release_date_precision": "day",
                "total_tracks": 1,
                "type": "album",
                "uri": "spotify:album:4ipeZHF3UKl2AKFqDhBCXR"
            },
            {
                "album_type": "album",
                "artists": [
                    {
                        "external_urls": {
                            "spotify": "https://open.spotify.com/artist/1W7FNibLa0O0b572tB2w7t"
                        },
                        "href": "https://api.spotify.com/v1/artists/1W7FNibLa0O0b572tB2w7t",
                        "id": "1W7FNibLa0O0b572tB2w7t",
                        "name": "Pink Sweat$",
                        "type": "artist",
                        "uri": "spotify:artist:1W7FNibLa0O0b572tB2w7t"
                    }
                ],
                "available_markets": [
                    "AD",
                    "AE",
                    "AL",
                    "AR",
                    "AT",
                    "AU",
                    "BA",
                    "BE",
                    "BG",
                    "BH",
                    "BO",
                    "BR",
                    "BY",
                    "CA",
                    "CH",
                    "CL",
                    "CO",
                    "CR",
                    "CY",
                    "CZ",
                    "DE",
                    "DK",
                    "DO",
                    "DZ",
                    "EC",
                    "EE",
                    "EG",
                    "ES",
                    "FI",
                    "FR",
                    "GB",
                    "GR",
                    "GT",
                    "HK",
                    "HN",
                    "HR",
                    "HU",
                    "ID",
                    "IE",
                    "IL",
                    "IN",
                    "IS",
                    "IT",
                    "JO",
                    "JP",
                    "KR",
                    "KW",
                    "KZ",
                    "LB",
                    "LI",
                    "LT",
                    "LU",
                    "LV",
                    "MA",
                    "MC",
                    "MD",
                    "ME",
                    "MK",
                    "MT",
                    "MX",
                    "MY",
                    "NI",
                    "NL",
                    "NO",
                    "NZ",
                    "OM",
                    "PA",
                    "PE",
                    "PH",
                    "PL",
                    "PS",
                    "PT",
                    "PY",
                    "QA",
                    "RO",
                    "RS",
                    "RU",
                    "SA",
                    "SE",
                    "SG",
                    "SI",
                    "SK",
                    "SV",
                    "TH",
                    "TN",
                    "TR",
                    "TW",
                    "UA",
                    "US",
                    "UY",
                    "VN",
                    "XK",
                    "ZA"
                ],
                "external_urls": {
                    "spotify": "https://open.spotify.com/album/74UvOvL6L4tZbYFtY759ZG"
                },
                "href": "https://api.spotify.com/v1/albums/74UvOvL6L4tZbYFtY759ZG",
                "id": "74UvOvL6L4tZbYFtY759ZG",
                "images": [
                    {
                        "height": 640,
                        "url": "https://i.scdn.co/image/ab67616d0000b27375af9fb0fa8dc8f3adef6905",
                        "width": 640
                    },
                    {
                        "height": 300,
                        "url": "https://i.scdn.co/image/ab67616d00001e0275af9fb0fa8dc8f3adef6905",
                        "width": 300
                    },
                    {
                        "height": 64,
                        "url": "https://i.scdn.co/image/ab67616d0000485175af9fb0fa8dc8f3adef6905",
                        "width": 64
                    }
                ],
                "name": "PINK PLANET",
                "release_date": "2021-02-12",
                "release_date_precision": "day",
                "total_tracks": 18,
                "type": "album",
                "uri": "spotify:album:74UvOvL6L4tZbYFtY759ZG"
            },
            {
                "album_type": "single",
                "artists": [
                    {
                        "external_urls": {
                            "spotify": "https://open.spotify.com/artist/6jGMq4yGs7aQzuGsMgVgZR"
                        },
                        "href": "https://api.spotify.com/v1/artists/6jGMq4yGs7aQzuGsMgVgZR",
                        "id": "6jGMq4yGs7aQzuGsMgVgZR",
                        "name": "Lil Tjay",
                        "type": "artist",
                        "uri": "spotify:artist:6jGMq4yGs7aQzuGsMgVgZR"
                    },
                    {
                        "external_urls": {
                            "spotify": "https://open.spotify.com/artist/4IVAbR2w4JJNJDDRFP3E83"
                        },
                        "href": "https://api.spotify.com/v1/artists/4IVAbR2w4JJNJDDRFP3E83",
                        "id": "4IVAbR2w4JJNJDDRFP3E83",
                        "name": "6LACK",
                        "type": "artist",
                        "uri": "spotify:artist:4IVAbR2w4JJNJDDRFP3E83"
                    }
                ],
                "available_markets": [
                    "AD",
                    "AE",
                    "AL",
                    "AR",
                    "AT",
                    "AU",
                    "BA",
                    "BE",
                    "BG",
                    "BH",
                    "BO",
                    "BR",
                    "BY",
                    "CA",
                    "CH",
                    "CL",
                    "CO",
                    "CR",
                    "CY",
                    "CZ",
                    "DE",
                    "DK",
                    "DO",
                    "DZ",
                    "EC",
                    "EE",
                    "EG",
                    "ES",
                    "FI",
                    "FR",
                    "GB",
                    "GR",
                    "GT",
                    "HK",
                    "HN",
                    "HR",
                    "HU",
                    "ID",
                    "IE",
                    "IL",
                    "IN",
                    "IS",
                    "IT",
                    "JO",
                    "JP",
                    "KR",
                    "KW",
                    "KZ",
                    "LB",
                    "LI",
                    "LT",
                    "LU",
                    "LV",
                    "MA",
                    "MC",
                    "MD",
                    "ME",
                    "MK",
                    "MT",
                    "MX",
                    "MY",
                    "NI",
                    "NL",
                    "NO",
                    "NZ",
                    "OM",
                    "PA",
                    "PE",
                    "PH",
                    "PL",
                    "PS",
                    "PT",
                    "PY",
                    "QA",
                    "RO",
                    "RS",
                    "RU",
                    "SA",
                    "SE",
                    "SG",
                    "SI",
                    "SK",
                    "SV",
                    "TH",
                    "TN",
                    "TR",
                    "TW",
                    "UA",
                    "US",
                    "UY",
                    "VN",
                    "XK",
                    "ZA"
                ],
                "external_urls": {
                    "spotify": "https://open.spotify.com/album/1QhKOq11hGEoNA42rV2IHp"
                },
                "href": "https://api.spotify.com/v1/albums/1QhKOq11hGEoNA42rV2IHp",
                "id": "1QhKOq11hGEoNA42rV2IHp",
                "images": [
                    {
                        "height": 640,
                        "url": "https://i.scdn.co/image/ab67616d0000b2731b36f91abf80aedb7c88f460",
                        "width": 640
                    },
                    {
                        "height": 300,
                        "url": "https://i.scdn.co/image/ab67616d00001e021b36f91abf80aedb7c88f460",
                        "width": 300
                    },
                    {
                        "height": 64,
                        "url": "https://i.scdn.co/image/ab67616d000048511b36f91abf80aedb7c88f460",
                        "width": 64
                    }
                ],
                "name": "Calling My Phone",
                "release_date": "2021-02-12",
                "release_date_precision": "day",
                "total_tracks": 1,
                "type": "album",
                "uri": "spotify:album:1QhKOq11hGEoNA42rV2IHp"
            },
            {
                "album_type": "single",
                "artists": [
                    {
                        "external_urls": {
                            "spotify": "https://open.spotify.com/artist/06HL4z0CvFAxyc27GXpf02"
                        },
                        "href": "https://api.spotify.com/v1/artists/06HL4z0CvFAxyc27GXpf02",
                        "id": "06HL4z0CvFAxyc27GXpf02",
                        "name": "Taylor Swift",
                        "type": "artist",
                        "uri": "spotify:artist:06HL4z0CvFAxyc27GXpf02"
                    }
                ],
                "available_markets": [
                    "AD",
                    "AE",
                    "AL",
                    "AR",
                    "AT",
                    "AU",
                    "BA",
                    "BE",
                    "BG",
                    "BH",
                    "BO",
                    "BR",
                    "BY",
                    "CA",
                    "CH",
                    "CL",
                    "CO",
                    "CR",
                    "CY",
                    "CZ",
                    "DE",
                    "DK",
                    "DO",
                    "DZ",
                    "EC",
                    "EE",
                    "EG",
                    "ES",
                    "FI",
                    "FR",
                    "GB",
                    "GR",
                    "GT",
                    "HK",
                    "HN",
                    "HR",
                    "HU",
                    "ID",
                    "IE",
                    "IL",
                    "IN",
                    "IS",
                    "IT",
                    "JO",
                    "JP",
                    "KR",
                    "KW",
                    "KZ",
                    "LB",
                    "LI",
                    "LT",
                    "LU",
                    "LV",
                    "MA",
                    "MC",
                    "MD",
                    "ME",
                    "MK",
                    "MT",
                    "MX",
                    "MY",
                    "NI",
                    "NL",
                    "NO",
                    "NZ",
                    "OM",
                    "PA",
                    "PE",
                    "PH",
                    "PL",
                    "PS",
                    "PT",
                    "PY",
                    "QA",
                    "RO",
                    "RS",
                    "RU",
                    "SA",
                    "SE",
                    "SG",
                    "SI",
                    "SK",
                    "SV",
                    "TH",
                    "TN",
                    "TR",
                    "TW",
                    "UA",
                    "US",
                    "UY",
                    "VN",
                    "XK",
                    "ZA"
                ],
                "external_urls": {
                    "spotify": "https://open.spotify.com/album/4j2syEjl3h1To8KbRgvmJn"
                },
                "href": "https://api.spotify.com/v1/albums/4j2syEjl3h1To8KbRgvmJn",
                "id": "4j2syEjl3h1To8KbRgvmJn",
                "images": [
                    {
                        "height": 640,
                        "url": "https://i.scdn.co/image/ab67616d0000b273877ea8fa223c26f19aaef92d",
                        "width": 640
                    },
                    {
                        "height": 300,
                        "url": "https://i.scdn.co/image/ab67616d00001e02877ea8fa223c26f19aaef92d",
                        "width": 300
                    },
                    {
                        "height": 64,
                        "url": "https://i.scdn.co/image/ab67616d00004851877ea8fa223c26f19aaef92d",
                        "width": 64
                    }
                ],
                "name": "Love Story (Taylor’s Version)",
                "release_date": "2021-02-12",
                "release_date_precision": "day",
                "total_tracks": 1,
                "type": "album",
                "uri": "spotify:album:4j2syEjl3h1To8KbRgvmJn"
            },
            {
                "album_type": "album",
                "artists": [
                    {
                        "external_urls": {
                            "spotify": "https://open.spotify.com/artist/6M2wZ9GZgrQXHCFfjv46we"
                        },
                        "href": "https://api.spotify.com/v1/artists/6M2wZ9GZgrQXHCFfjv46we",
                        "id": "6M2wZ9GZgrQXHCFfjv46we",
                        "name": "Dua Lipa",
                        "type": "artist",
                        "uri": "spotify:artist:6M2wZ9GZgrQXHCFfjv46we"
                    }
                ],
                "available_markets": [
                    "AD",
                    "AE",
                    "AL",
                    "AR",
                    "AU",
                    "BA",
                    "BE",
                    "BG",
                    "BH",
                    "BO",
                    "BR",
                    "BY",
                    "CA",
                    "CL",
                    "CO",
                    "CR",
                    "CY",
                    "CZ",
                    "DK",
                    "DO",
                    "DZ",
                    "EC",
                    "EE",
                    "EG",
                    "ES",
                    "FI",
                    "FR",
                    "GB",
                    "GR",
                    "GT",
                    "HK",
                    "HN",
                    "HR",
                    "HU",
                    "ID",
                    "IE",
                    "IL",
                    "IN",
                    "IS",
                    "IT",
                    "JO",
                    "JP",
                    "KR",
                    "KW",
                    "KZ",
                    "LB",
                    "LI",
                    "LT",
                    "LU",
                    "LV",
                    "MA",
                    "MC",
                    "MD",
                    "ME",
                    "MK",
                    "MT",
                    "MX",
                    "MY",
                    "NI",
                    "NL",
                    "NO",
                    "NZ",
                    "OM",
                    "PA",
                    "PE",
                    "PH",
                    "PL",
                    "PS",
                    "PT",
                    "PY",
                    "QA",
                    "RO",
                    "RS",
                    "RU",
                    "SA",
                    "SE",
                    "SG",
                    "SI",
                    "SK",
                    "SV",
                    "TH",
                    "TN",
                    "TR",
                    "TW",
                    "UA",
                    "US",
                    "UY",
                    "VN",
                    "XK",
                    "ZA"
                ],
                "external_urls": {
                    "spotify": "https://open.spotify.com/album/0JeyP8r2hBxYIoxXv11XiX"
                },
                "href": "https://api.spotify.com/v1/albums/0JeyP8r2hBxYIoxXv11XiX",
                "id": "0JeyP8r2hBxYIoxXv11XiX",
                "images": [
                    {
                        "height": 640,
                        "url": "https://i.scdn.co/image/ab67616d0000b273f4b8a43495c6172243cf16f4",
                        "width": 640
                    },
                    {
                        "height": 300,
                        "url": "https://i.scdn.co/image/ab67616d00001e02f4b8a43495c6172243cf16f4",
                        "width": 300
                    },
                    {
                        "height": 64,
                        "url": "https://i.scdn.co/image/ab67616d00004851f4b8a43495c6172243cf16f4",
                        "width": 64
                    }
                ],
                "name": "Future Nostalgia (The Moonlight Edition)",
                "release_date": "2021-02-11",
                "release_date_precision": "day",
                "total_tracks": 19,
                "type": "album",
                "uri": "spotify:album:0JeyP8r2hBxYIoxXv11XiX"
            },
            {
                "album_type": "single",
                "artists": [
                    {
                        "external_urls": {
                            "spotify": "https://open.spotify.com/artist/5CCwRZC6euC8Odo6y9X8jr"
                        },
                        "href": "https://api.spotify.com/v1/artists/5CCwRZC6euC8Odo6y9X8jr",
                        "id": "5CCwRZC6euC8Odo6y9X8jr",
                        "name": "Rita Ora",
                        "type": "artist",
                        "uri": "spotify:artist:5CCwRZC6euC8Odo6y9X8jr"
                    },
                    {
                        "external_urls": {
                            "spotify": "https://open.spotify.com/artist/5rGrDvrLOV2VV8SCFVGWlj"
                        },
                        "href": "https://api.spotify.com/v1/artists/5rGrDvrLOV2VV8SCFVGWlj",
                        "id": "5rGrDvrLOV2VV8SCFVGWlj",
                        "name": "Imanbek",
                        "type": "artist",
                        "uri": "spotify:artist:5rGrDvrLOV2VV8SCFVGWlj"
                    }
                ],
                "available_markets": [
                    "AL",
                    "AR",
                    "AU",
                    "BA",
                    "BE",
                    "BO",
                    "BR",
                    "CA",
                    "CL",
                    "CO",
                    "CR",
                    "CY",
                    "DK",
                    "DO",
                    "DZ",
                    "EC",
                    "EE",
                    "ES",
                    "FI",
                    "GB",
                    "GT",
                    "HN",
                    "HR",
                    "HU",
                    "IE",
                    "IS",
                    "IT",
                    "JP",
                    "LI",
                    "LT",
                    "LU",
                    "LV",
                    "MA",
                    "ME",
                    "MK",
                    "MT",
                    "MX",
                    "NI",
                    "NL",
                    "NO",
                    "NZ",
                    "PA",
                    "PE",
                    "PS",
                    "PT",
                    "PY",
                    "RS",
                    "SE",
                    "SI",
                    "SV",
                    "TN",
                    "UA",
                    "US",
                    "UY",
                    "XK",
                    "ZA"
                ],
                "external_urls": {
                    "spotify": "https://open.spotify.com/album/4xeVBTBwaVNQhUdIRC4G9s"
                },
                "href": "https://api.spotify.com/v1/albums/4xeVBTBwaVNQhUdIRC4G9s",
                "id": "4xeVBTBwaVNQhUdIRC4G9s",
                "images": [
                    {
                        "height": 640,
                        "url": "https://i.scdn.co/image/ab67616d0000b2730b94c63fde72efeb6fd512c4",
                        "width": 640
                    },
                    {
                        "height": 300,
                        "url": "https://i.scdn.co/image/ab67616d00001e020b94c63fde72efeb6fd512c4",
                        "width": 300
                    },
                    {
                        "height": 64,
                        "url": "https://i.scdn.co/image/ab67616d000048510b94c63fde72efeb6fd512c4",
                        "width": 64
                    }
                ],
                "name": "Bang",
                "release_date": "2021-02-12",
                "release_date_precision": "day",
                "total_tracks": 4,
                "type": "album",
                "uri": "spotify:album:4xeVBTBwaVNQhUdIRC4G9s"
            },
            {
                "album_type": "single",
                "artists": [
                    {
                        "external_urls": {
                            "spotify": "https://open.spotify.com/artist/5zctI4wO9XSKS8XwcnqEHk"
                        },
                        "href": "https://api.spotify.com/v1/artists/5zctI4wO9XSKS8XwcnqEHk",
                        "id": "5zctI4wO9XSKS8XwcnqEHk",
                        "name": "Lil Mosey",
                        "type": "artist",
                        "uri": "spotify:artist:5zctI4wO9XSKS8XwcnqEHk"
                    }
                ],
                "available_markets": [
                    "AD",
                    "AE",
                    "AL",
                    "AR",
                    "AT",
                    "AU",
                    "BA",
                    "BE",
                    "BG",
                    "BH",
                    "BO",
                    "BR",
                    "BY",
                    "CA",
                    "CH",
                    "CL",
                    "CO",
                    "CR",
                    "CY",
                    "CZ",
                    "DE",
                    "DK",
                    "DO",
                    "DZ",
                    "EC",
                    "EE",
                    "EG",
                    "ES",
                    "FI",
                    "FR",
                    "GB",
                    "GR",
                    "GT",
                    "HK",
                    "HN",
                    "HR",
                    "HU",
                    "ID",
                    "IE",
                    "IL",
                    "IN",
                    "IS",
                    "IT",
                    "JO",
                    "JP",
                    "KR",
                    "KW",
                    "KZ",
                    "LB",
                    "LI",
                    "LT",
                    "LU",
                    "LV",
                    "MA",
                    "MC",
                    "MD",
                    "ME",
                    "MK",
                    "MT",
                    "MX",
                    "MY",
                    "NI",
                    "NL",
                    "NO",
                    "NZ",
                    "OM",
                    "PA",
                    "PE",
                    "PH",
                    "PL",
                    "PS",
                    "PT",
                    "PY",
                    "QA",
                    "RO",
                    "RS",
                    "RU",
                    "SA",
                    "SE",
                    "SG",
                    "SI",
                    "SK",
                    "SV",
                    "TH",
                    "TN",
                    "TR",
                    "TW",
                    "UA",
                    "US",
                    "UY",
                    "VN",
                    "XK",
                    "ZA"
                ],
                "external_urls": {
                    "spotify": "https://open.spotify.com/album/2YfOsNKhYppPbTiyTIlmLs"
                },
                "href": "https://api.spotify.com/v1/albums/2YfOsNKhYppPbTiyTIlmLs",
                "id": "2YfOsNKhYppPbTiyTIlmLs",
                "images": [
                    {
                        "height": 640,
                        "url": "https://i.scdn.co/image/ab67616d0000b273c459673e95c40ab337e79f8c",
                        "width": 640
                    },
                    {
                        "height": 300,
                        "url": "https://i.scdn.co/image/ab67616d00001e02c459673e95c40ab337e79f8c",
                        "width": 300
                    },
                    {
                        "height": 64,
                        "url": "https://i.scdn.co/image/ab67616d00004851c459673e95c40ab337e79f8c",
                        "width": 64
                    }
                ],
                "name": "Enough",
                "release_date": "2021-02-12",
                "release_date_precision": "day",
                "total_tracks": 1,
                "type": "album",
                "uri": "spotify:album:2YfOsNKhYppPbTiyTIlmLs"
            },
            {
                "album_type": "album",
                "artists": [
                    {
                        "external_urls": {
                            "spotify": "https://open.spotify.com/artist/3b8QkneNDz4JHKKKlLgYZg"
                        },
                        "href": "https://api.spotify.com/v1/artists/3b8QkneNDz4JHKKKlLgYZg",
                        "id": "3b8QkneNDz4JHKKKlLgYZg",
                        "name": "Florida Georgia Line",
                        "type": "artist",
                        "uri": "spotify:artist:3b8QkneNDz4JHKKKlLgYZg"
                    }
                ],
                "available_markets": [
                    "AD",
                    "AE",
                    "AL",
                    "AR",
                    "AT",
                    "AU",
                    "BA",
                    "BE",
                    "BG",
                    "BH",
                    "BO",
                    "BR",
                    "BY",
                    "CA",
                    "CH",
                    "CL",
                    "CO",
                    "CR",
                    "CY",
                    "CZ",
                    "DE",
                    "DK",
                    "DO",
                    "DZ",
                    "EC",
                    "EE",
                    "EG",
                    "ES",
                    "FI",
                    "FR",
                    "GB",
                    "GR",
                    "GT",
                    "HK",
                    "HN",
                    "HR",
                    "HU",
                    "ID",
                    "IE",
                    "IL",
                    "IN",
                    "IS",
                    "IT",
                    "JO",
                    "JP",
                    "KR",
                    "KW",
                    "KZ",
                    "LB",
                    "LI",
                    "LT",
                    "LU",
                    "LV",
                    "MA",
                    "MC",
                    "MD",
                    "ME",
                    "MK",
                    "MT",
                    "MX",
                    "MY",
                    "NI",
                    "NL",
                    "NO",
                    "NZ",
                    "OM",
                    "PA",
                    "PE",
                    "PH",
                    "PL",
                    "PS",
                    "PT",
                    "PY",
                    "QA",
                    "RO",
                    "RS",
                    "RU",
                    "SA",
                    "SE",
                    "SG",
                    "SI",
                    "SK",
                    "SV",
                    "TH",
                    "TN",
                    "TR",
                    "TW",
                    "UA",
                    "US",
                    "UY",
                    "VN",
                    "XK",
                    "ZA"
                ],
                "external_urls": {
                    "spotify": "https://open.spotify.com/album/6dfdmMDGw988CzNEFdnIcY"
                },
                "href": "https://api.spotify.com/v1/albums/6dfdmMDGw988CzNEFdnIcY",
                "id": "6dfdmMDGw988CzNEFdnIcY",
                "images": [
                    {
                        "height": 640,
                        "url": "https://i.scdn.co/image/ab67616d0000b27396886c18aa65dbbdba9cb598",
                        "width": 640
                    },
                    {
                        "height": 300,
                        "url": "https://i.scdn.co/image/ab67616d00001e0296886c18aa65dbbdba9cb598",
                        "width": 300
                    },
                    {
                        "height": 64,
                        "url": "https://i.scdn.co/image/ab67616d0000485196886c18aa65dbbdba9cb598",
                        "width": 64
                    }
                ],
                "name": "Life Rolls On",
                "release_date": "2021-02-12",
                "release_date_precision": "day",
                "total_tracks": 16,
                "type": "album",
                "uri": "spotify:album:6dfdmMDGw988CzNEFdnIcY"
            },
            {
                "album_type": "single",
                "artists": [
                    {
                        "external_urls": {
                            "spotify": "https://open.spotify.com/artist/3AuMNF8rQAKOzjYppFNAoB"
                        },
                        "href": "https://api.spotify.com/v1/artists/3AuMNF8rQAKOzjYppFNAoB",
                        "id": "3AuMNF8rQAKOzjYppFNAoB",
                        "name": "Kelly Rowland",
                        "type": "artist",
                        "uri": "spotify:artist:3AuMNF8rQAKOzjYppFNAoB"
                    }
                ],
                "available_markets": [
                    "AD",
                    "AE",
                    "AL",
                    "AR",
                    "AT",
                    "AU",
                    "BA",
                    "BE",
                    "BG",
                    "BH",
                    "BO",
                    "BR",
                    "BY",
                    "CA",
                    "CH",
                    "CL",
                    "CO",
                    "CR",
                    "CY",
                    "CZ",
                    "DE",
                    "DK",
                    "DO",
                    "DZ",
                    "EC",
                    "EE",
                    "EG",
                    "ES",
                    "FI",
                    "FR",
                    "GB",
                    "GR",
                    "GT",
                    "HK",
                    "HN",
                    "HR",
                    "HU",
                    "ID",
                    "IE",
                    "IL",
                    "IN",
                    "IS",
                    "IT",
                    "JO",
                    "JP",
                    "KR",
                    "KW",
                    "KZ",
                    "LB",
                    "LI",
                    "LT",
                    "LU",
                    "LV",
                    "MA",
                    "MC",
                    "MD",
                    "ME",
                    "MK",
                    "MT",
                    "MX",
                    "MY",
                    "NI",
                    "NL",
                    "NO",
                    "NZ",
                    "OM",
                    "PA",
                    "PE",
                    "PH",
                    "PL",
                    "PS",
                    "PT",
                    "PY",
                    "QA",
                    "RO",
                    "RS",
                    "RU",
                    "SA",
                    "SE",
                    "SG",
                    "SI",
                    "SK",
                    "SV",
                    "TH",
                    "TN",
                    "TR",
                    "TW",
                    "UA",
                    "US",
                    "UY",
                    "VN",
                    "XK",
                    "ZA"
                ],
                "external_urls": {
                    "spotify": "https://open.spotify.com/album/4X1ilVFw79jsVCk3BOBpT5"
                },
                "href": "https://api.spotify.com/v1/albums/4X1ilVFw79jsVCk3BOBpT5",
                "id": "4X1ilVFw79jsVCk3BOBpT5",
                "images": [
                    {
                        "height": 640,
                        "url": "https://i.scdn.co/image/ab67616d0000b273e41d1a452924df362ca604f8",
                        "width": 640
                    },
                    {
                        "height": 300,
                        "url": "https://i.scdn.co/image/ab67616d00001e02e41d1a452924df362ca604f8",
                        "width": 300
                    },
                    {
                        "height": 64,
                        "url": "https://i.scdn.co/image/ab67616d00004851e41d1a452924df362ca604f8",
                        "width": 64
                    }
                ],
                "name": "Black Magic",
                "release_date": "2021-02-12",
                "release_date_precision": "day",
                "total_tracks": 1,
                "type": "album",
                "uri": "spotify:album:4X1ilVFw79jsVCk3BOBpT5"
            },
            {
                "album_type": "album",
                "artists": [
                    {
                        "external_urls": {
                            "spotify": "https://open.spotify.com/artist/5Vuvs6Py2JRU7WiFDVsI7J"
                        },
                        "href": "https://api.spotify.com/v1/artists/5Vuvs6Py2JRU7WiFDVsI7J",
                        "id": "5Vuvs6Py2JRU7WiFDVsI7J",
                        "name": "Lucky Daye",
                        "type": "artist",
                        "uri": "spotify:artist:5Vuvs6Py2JRU7WiFDVsI7J"
                    }
                ],
                "available_markets": [
                    "AD",
                    "AE",
                    "AL",
                    "AR",
                    "AT",
                    "AU",
                    "BA",
                    "BE",
                    "BG",
                    "BH",
                    "BO",
                    "BR",
                    "BY",
                    "CA",
                    "CH",
                    "CL",
                    "CO",
                    "CR",
                    "CY",
                    "CZ",
                    "DE",
                    "DK",
                    "DO",
                    "DZ",
                    "EC",
                    "EE",
                    "EG",
                    "ES",
                    "FI",
                    "FR",
                    "GB",
                    "GR",
                    "GT",
                    "HK",
                    "HN",
                    "HR",
                    "HU",
                    "ID",
                    "IE",
                    "IL",
                    "IN",
                    "IS",
                    "IT",
                    "JO",
                    "JP",
                    "KR",
                    "KW",
                    "KZ",
                    "LB",
                    "LI",
                    "LT",
                    "LU",
                    "LV",
                    "MA",
                    "MC",
                    "MD",
                    "ME",
                    "MK",
                    "MT",
                    "MX",
                    "MY",
                    "NI",
                    "NL",
                    "NO",
                    "NZ",
                    "OM",
                    "PA",
                    "PE",
                    "PH",
                    "PL",
                    "PS",
                    "PT",
                    "PY",
                    "QA",
                    "RO",
                    "RS",
                    "RU",
                    "SA",
                    "SE",
                    "SG",
                    "SI",
                    "SK",
                    "SV",
                    "TH",
                    "TN",
                    "TR",
                    "TW",
                    "UA",
                    "US",
                    "UY",
                    "VN",
                    "XK",
                    "ZA"
                ],
                "external_urls": {
                    "spotify": "https://open.spotify.com/album/0OPKA9Mrv6JFrTjC0KpvdT"
                },
                "href": "https://api.spotify.com/v1/albums/0OPKA9Mrv6JFrTjC0KpvdT",
                "id": "0OPKA9Mrv6JFrTjC0KpvdT",
                "images": [
                    {
                        "height": 640,
                        "url": "https://i.scdn.co/image/ab67616d0000b2731448c3a92e28193fcff2f32f",
                        "width": 640
                    },
                    {
                        "height": 300,
                        "url": "https://i.scdn.co/image/ab67616d00001e021448c3a92e28193fcff2f32f",
                        "width": 300
                    },
                    {
                        "height": 64,
                        "url": "https://i.scdn.co/image/ab67616d000048511448c3a92e28193fcff2f32f",
                        "width": 64
                    }
                ],
                "name": "Table For Two",
                "release_date": "2021-02-12",
                "release_date_precision": "day",
                "total_tracks": 7,
                "type": "album",
                "uri": "spotify:album:0OPKA9Mrv6JFrTjC0KpvdT"
            },
            {
                "album_type": "single",
                "artists": [
                    {
                        "external_urls": {
                            "spotify": "https://open.spotify.com/artist/4xFUf1FHVy696Q1JQZMTRj"
                        },
                        "href": "https://api.spotify.com/v1/artists/4xFUf1FHVy696Q1JQZMTRj",
                        "id": "4xFUf1FHVy696Q1JQZMTRj",
                        "name": "Carrie Underwood",
                        "type": "artist",
                        "uri": "spotify:artist:4xFUf1FHVy696Q1JQZMTRj"
                    }
                ],
                "available_markets": [
                    "AD",
                    "AE",
                    "AL",
                    "AR",
                    "AT",
                    "AU",
                    "BA",
                    "BE",
                    "BG",
                    "BH",
                    "BO",
                    "BR",
                    "BY",
                    "CA",
                    "CH",
                    "CL",
                    "CO",
                    "CR",
                    "CY",
                    "CZ",
                    "DE",
                    "DK",
                    "DO",
                    "DZ",
                    "EC",
                    "EE",
                    "EG",
                    "ES",
                    "FI",
                    "FR",
                    "GB",
                    "GR",
                    "GT",
                    "HK",
                    "HN",
                    "HR",
                    "HU",
                    "ID",
                    "IE",
                    "IL",
                    "IN",
                    "IS",
                    "IT",
                    "JO",
                    "JP",
                    "KR",
                    "KW",
                    "KZ",
                    "LB",
                    "LI",
                    "LT",
                    "LU",
                    "LV",
                    "MA",
                    "MC",
                    "MD",
                    "ME",
                    "MK",
                    "MT",
                    "MX",
                    "MY",
                    "NI",
                    "NL",
                    "NO",
                    "NZ",
                    "OM",
                    "PA",
                    "PE",
                    "PH",
                    "PL",
                    "PS",
                    "PT",
                    "PY",
                    "QA",
                    "RO",
                    "RS",
                    "RU",
                    "SA",
                    "SE",
                    "SG",
                    "SI",
                    "SK",
                    "SV",
                    "TH",
                    "TN",
                    "TR",
                    "TW",
                    "UA",
                    "US",
                    "UY",
                    "VN",
                    "XK",
                    "ZA"
                ],
                "external_urls": {
                    "spotify": "https://open.spotify.com/album/0Mi5UCbI2mPA4Ws6Ql60Wj"
                },
                "href": "https://api.spotify.com/v1/albums/0Mi5UCbI2mPA4Ws6Ql60Wj",
                "id": "0Mi5UCbI2mPA4Ws6Ql60Wj",
                "images": [
                    {
                        "height": 640,
                        "url": "https://i.scdn.co/image/ab67616d0000b2733fd2c595cc1e3236dba4e3fc",
                        "width": 640
                    },
                    {
                        "height": 300,
                        "url": "https://i.scdn.co/image/ab67616d00001e023fd2c595cc1e3236dba4e3fc",
                        "width": 300
                    },
                    {
                        "height": 64,
                        "url": "https://i.scdn.co/image/ab67616d000048513fd2c595cc1e3236dba4e3fc",
                        "width": 64
                    }
                ],
                "name": "Softly And Tenderly",
                "release_date": "2021-02-12",
                "release_date_precision": "day",
                "total_tracks": 1,
                "type": "album",
                "uri": "spotify:album:0Mi5UCbI2mPA4Ws6Ql60Wj"
            },
            {
                "album_type": "single",
                "artists": [
                    {
                        "external_urls": {
                            "spotify": "https://open.spotify.com/artist/6LXRvV2OAtXF7685fzh3mj"
                        },
                        "href": "https://api.spotify.com/v1/artists/6LXRvV2OAtXF7685fzh3mj",
                        "id": "6LXRvV2OAtXF7685fzh3mj",
                        "name": "Rowdy Rebel",
                        "type": "artist",
                        "uri": "spotify:artist:6LXRvV2OAtXF7685fzh3mj"
                    },
                    {
                        "external_urls": {
                            "spotify": "https://open.spotify.com/artist/7rkW85dBwwrJtlHRDkJDAC"
                        },
                        "href": "https://api.spotify.com/v1/artists/7rkW85dBwwrJtlHRDkJDAC",
                        "id": "7rkW85dBwwrJtlHRDkJDAC",
                        "name": "NAV",
                        "type": "artist",
                        "uri": "spotify:artist:7rkW85dBwwrJtlHRDkJDAC"
                    }
                ],
                "available_markets": [
                    "AD",
                    "AE",
                    "AL",
                    "AR",
                    "AT",
                    "AU",
                    "BA",
                    "BE",
                    "BG",
                    "BH",
                    "BO",
                    "BR",
                    "BY",
                    "CA",
                    "CH",
                    "CL",
                    "CO",
                    "CR",
                    "CY",
                    "CZ",
                    "DE",
                    "DK",
                    "DO",
                    "DZ",
                    "EC",
                    "EE",
                    "EG",
                    "ES",
                    "FI",
                    "FR",
                    "GB",
                    "GR",
                    "GT",
                    "HK",
                    "HN",
                    "HR",
                    "HU",
                    "ID",
                    "IE",
                    "IL",
                    "IN",
                    "IS",
                    "IT",
                    "JO",
                    "JP",
                    "KR",
                    "KW",
                    "KZ",
                    "LB",
                    "LI",
                    "LT",
                    "LU",
                    "LV",
                    "MA",
                    "MC",
                    "MD",
                    "ME",
                    "MK",
                    "MT",
                    "MX",
                    "MY",
                    "NI",
                    "NL",
                    "NO",
                    "NZ",
                    "OM",
                    "PA",
                    "PE",
                    "PH",
                    "PL",
                    "PS",
                    "PT",
                    "PY",
                    "QA",
                    "RO",
                    "RS",
                    "RU",
                    "SA",
                    "SE",
                    "SG",
                    "SI",
                    "SK",
                    "SV",
                    "TH",
                    "TN",
                    "TR",
                    "TW",
                    "UA",
                    "US",
                    "UY",
                    "VN",
                    "XK",
                    "ZA"
                ],
                "external_urls": {
                    "spotify": "https://open.spotify.com/album/7aiS7MdJhZ0wCXT9o2fCTY"
                },
                "href": "https://api.spotify.com/v1/albums/7aiS7MdJhZ0wCXT9o2fCTY",
                "id": "7aiS7MdJhZ0wCXT9o2fCTY",
                "images": [
                    {
                        "height": 640,
                        "url": "https://i.scdn.co/image/ab67616d0000b2733a6813fed1caa78e6667ec81",
                        "width": 640
                    },
                    {
                        "height": 300,
                        "url": "https://i.scdn.co/image/ab67616d00001e023a6813fed1caa78e6667ec81",
                        "width": 300
                    },
                    {
                        "height": 64,
                        "url": "https://i.scdn.co/image/ab67616d000048513a6813fed1caa78e6667ec81",
                        "width": 64
                    }
                ],
                "name": "Jesse Owens (feat. NAV)",
                "release_date": "2021-02-12",
                "release_date_precision": "day",
                "total_tracks": 1,
                "type": "album",
                "uri": "spotify:album:7aiS7MdJhZ0wCXT9o2fCTY"
            },
            {
                "album_type": "album",
                "artists": [
                    {
                        "external_urls": {
                            "spotify": "https://open.spotify.com/artist/2R57sY41L9XvGPiIgHOaYq"
                        },
                        "href": "https://api.spotify.com/v1/artists/2R57sY41L9XvGPiIgHOaYq",
                        "id": "2R57sY41L9XvGPiIgHOaYq",
                        "name": "The Pretty Reckless",
                        "type": "artist",
                        "uri": "spotify:artist:2R57sY41L9XvGPiIgHOaYq"
                    }
                ],
                "available_markets": [
                    "US"
                ],
                "external_urls": {
                    "spotify": "https://open.spotify.com/album/2ysgEIHY4aOMMbbu0uV6ey"
                },
                "href": "https://api.spotify.com/v1/albums/2ysgEIHY4aOMMbbu0uV6ey",
                "id": "2ysgEIHY4aOMMbbu0uV6ey",
                "images": [
                    {
                        "height": 640,
                        "url": "https://i.scdn.co/image/ab67616d0000b273a8045b6cc934e134e99eddd6",
                        "width": 640
                    },
                    {
                        "height": 300,
                        "url": "https://i.scdn.co/image/ab67616d00001e02a8045b6cc934e134e99eddd6",
                        "width": 300
                    },
                    {
                        "height": 64,
                        "url": "https://i.scdn.co/image/ab67616d00004851a8045b6cc934e134e99eddd6",
                        "width": 64
                    }
                ],
                "name": "Death By Rock And Roll",
                "release_date": "2021-02-12",
                "release_date_precision": "day",
                "total_tracks": 12,
                "type": "album",
                "uri": "spotify:album:2ysgEIHY4aOMMbbu0uV6ey"
            },
            {
                "album_type": "single",
                "artists": [
                    {
                        "external_urls": {
                            "spotify": "https://open.spotify.com/artist/2qk9voo8llSGYcZ6xrBzKx"
                        },
                        "href": "https://api.spotify.com/v1/artists/2qk9voo8llSGYcZ6xrBzKx",
                        "id": "2qk9voo8llSGYcZ6xrBzKx",
                        "name": "Kings of Leon",
                        "type": "artist",
                        "uri": "spotify:artist:2qk9voo8llSGYcZ6xrBzKx"
                    }
                ],
                "available_markets": [
                    "AD",
                    "AE",
                    "AL",
                    "AR",
                    "AT",
                    "AU",
                    "BA",
                    "BE",
                    "BG",
                    "BH",
                    "BO",
                    "BR",
                    "BY",
                    "CA",
                    "CH",
                    "CL",
                    "CO",
                    "CR",
                    "CY",
                    "CZ",
                    "DE",
                    "DK",
                    "DO",
                    "DZ",
                    "EC",
                    "EE",
                    "EG",
                    "ES",
                    "FI",
                    "FR",
                    "GB",
                    "GR",
                    "GT",
                    "HK",
                    "HN",
                    "HR",
                    "HU",
                    "ID",
                    "IE",
                    "IL",
                    "IN",
                    "IS",
                    "IT",
                    "JO",
                    "JP",
                    "KR",
                    "KW",
                    "KZ",
                    "LB",
                    "LI",
                    "LT",
                    "LU",
                    "LV",
                    "MA",
                    "MC",
                    "MD",
                    "ME",
                    "MK",
                    "MT",
                    "MX",
                    "MY",
                    "NI",
                    "NL",
                    "NO",
                    "NZ",
                    "OM",
                    "PA",
                    "PE",
                    "PH",
                    "PL",
                    "PS",
                    "PT",
                    "PY",
                    "QA",
                    "RO",
                    "RS",
                    "RU",
                    "SA",
                    "SE",
                    "SG",
                    "SI",
                    "SK",
                    "SV",
                    "TH",
                    "TN",
                    "TR",
                    "TW",
                    "UA",
                    "US",
                    "UY",
                    "VN",
                    "XK",
                    "ZA"
                ],
                "external_urls": {
                    "spotify": "https://open.spotify.com/album/6A2VAAC2N3GBc3UkSfJqaF"
                },
                "href": "https://api.spotify.com/v1/albums/6A2VAAC2N3GBc3UkSfJqaF",
                "id": "6A2VAAC2N3GBc3UkSfJqaF",
                "images": [
                    {
                        "height": 640,
                        "url": "https://i.scdn.co/image/ab67616d0000b2733cda4092329c53cfb3546afc",
                        "width": 640
                    },
                    {
                        "height": 300,
                        "url": "https://i.scdn.co/image/ab67616d00001e023cda4092329c53cfb3546afc",
                        "width": 300
                    },
                    {
                        "height": 64,
                        "url": "https://i.scdn.co/image/ab67616d000048513cda4092329c53cfb3546afc",
                        "width": 64
                    }
                ],
                "name": "Echoing",
                "release_date": "2021-02-11",
                "release_date_precision": "day",
                "total_tracks": 1,
                "type": "album",
                "uri": "spotify:album:6A2VAAC2N3GBc3UkSfJqaF"
            },
            {
                "album_type": "single",
                "artists": [
                    {
                        "external_urls": {
                            "spotify": "https://open.spotify.com/artist/3zZ88AwlTwfCJkowsFCvLA"
                        },
                        "href": "https://api.spotify.com/v1/artists/3zZ88AwlTwfCJkowsFCvLA",
                        "id": "3zZ88AwlTwfCJkowsFCvLA",
                        "name": "Babyface Ray",
                        "type": "artist",
                        "uri": "spotify:artist:3zZ88AwlTwfCJkowsFCvLA"
                    }
                ],
                "available_markets": [
                    "AD",
                    "AE",
                    "AL",
                    "AR",
                    "AT",
                    "AU",
                    "BA",
                    "BE",
                    "BG",
                    "BH",
                    "BO",
                    "BR",
                    "BY",
                    "CA",
                    "CH",
                    "CL",
                    "CO",
                    "CR",
                    "CY",
                    "CZ",
                    "DE",
                    "DK",
                    "DO",
                    "DZ",
                    "EC",
                    "EE",
                    "EG",
                    "ES",
                    "FI",
                    "FR",
                    "GB",
                    "GR",
                    "GT",
                    "HK",
                    "HN",
                    "HR",
                    "HU",
                    "ID",
                    "IE",
                    "IL",
                    "IN",
                    "IS",
                    "IT",
                    "JO",
                    "JP",
                    "KR",
                    "KW",
                    "KZ",
                    "LB",
                    "LI",
                    "LT",
                    "LU",
                    "LV",
                    "MA",
                    "MC",
                    "MD",
                    "ME",
                    "MK",
                    "MT",
                    "MX",
                    "MY",
                    "NI",
                    "NL",
                    "NO",
                    "NZ",
                    "OM",
                    "PA",
                    "PE",
                    "PH",
                    "PL",
                    "PS",
                    "PT",
                    "PY",
                    "QA",
                    "RO",
                    "RS",
                    "RU",
                    "SA",
                    "SE",
                    "SG",
                    "SI",
                    "SK",
                    "SV",
                    "TH",
                    "TN",
                    "TR",
                    "TW",
                    "UA",
                    "US",
                    "UY",
                    "VN",
                    "XK",
                    "ZA"
                ],
                "external_urls": {
                    "spotify": "https://open.spotify.com/album/2MpJtftIqLIfTdOGzOMwzo"
                },
                "href": "https://api.spotify.com/v1/albums/2MpJtftIqLIfTdOGzOMwzo",
                "id": "2MpJtftIqLIfTdOGzOMwzo",
                "images": [
                    {
                        "height": 640,
                        "url": "https://i.scdn.co/image/ab67616d0000b273c25af533d3a13ecdb6caef39",
                        "width": 640
                    },
                    {
                        "height": 300,
                        "url": "https://i.scdn.co/image/ab67616d00001e02c25af533d3a13ecdb6caef39",
                        "width": 300
                    },
                    {
                        "height": 64,
                        "url": "https://i.scdn.co/image/ab67616d00004851c25af533d3a13ecdb6caef39",
                        "width": 64
                    }
                ],
                "name": "Unfuckwitable",
                "release_date": "2021-02-12",
                "release_date_precision": "day",
                "total_tracks": 7,
                "type": "album",
                "uri": "spotify:album:2MpJtftIqLIfTdOGzOMwzo"
            },
            {
                "album_type": "album",
                "artists": [
                    {
                        "external_urls": {
                            "spotify": "https://open.spotify.com/artist/0LyfQWJT6nXafLPZqxe9Of"
                        },
                        "href": "https://api.spotify.com/v1/artists/0LyfQWJT6nXafLPZqxe9Of",
                        "id": "0LyfQWJT6nXafLPZqxe9Of",
                        "name": "Various Artists",
                        "type": "artist",
                        "uri": "spotify:artist:0LyfQWJT6nXafLPZqxe9Of"
                    }
                ],
                "available_markets": [
                    "AD",
                    "AE",
                    "AL",
                    "AR",
                    "AT",
                    "AU",
                    "BA",
                    "BE",
                    "BG",
                    "BH",
                    "BO",
                    "BR",
                    "BY",
                    "CA",
                    "CH",
                    "CL",
                    "CO",
                    "CR",
                    "CY",
                    "CZ",
                    "DE",
                    "DK",
                    "DO",
                    "DZ",
                    "EC",
                    "EE",
                    "EG",
                    "ES",
                    "FI",
                    "FR",
                    "GB",
                    "GR",
                    "GT",
                    "HK",
                    "HN",
                    "HR",
                    "HU",
                    "ID",
                    "IE",
                    "IL",
                    "IN",
                    "IS",
                    "IT",
                    "JO",
                    "JP",
                    "KR",
                    "KW",
                    "KZ",
                    "LB",
                    "LI",
                    "LT",
                    "LU",
                    "LV",
                    "MA",
                    "MC",
                    "MD",
                    "ME",
                    "MK",
                    "MT",
                    "MX",
                    "MY",
                    "NI",
                    "NL",
                    "NO",
                    "NZ",
                    "OM",
                    "PA",
                    "PE",
                    "PH",
                    "PL",
                    "PS",
                    "PT",
                    "PY",
                    "QA",
                    "RO",
                    "RS",
                    "RU",
                    "SA",
                    "SE",
                    "SG",
                    "SI",
                    "SK",
                    "SV",
                    "TH",
                    "TN",
                    "TR",
                    "TW",
                    "UA",
                    "US",
                    "UY",
                    "VN",
                    "XK",
                    "ZA"
                ],
                "external_urls": {
                    "spotify": "https://open.spotify.com/album/35SXwj3IksuJcEbBckg2GT"
                },
                "href": "https://api.spotify.com/v1/albums/35SXwj3IksuJcEbBckg2GT",
                "id": "35SXwj3IksuJcEbBckg2GT",
                "images": [
                    {
                        "height": 640,
                        "url": "https://i.scdn.co/image/ab67616d0000b2737ceee6b8cc8fb7ea6013b621",
                        "width": 640
                    },
                    {
                        "height": 300,
                        "url": "https://i.scdn.co/image/ab67616d00001e027ceee6b8cc8fb7ea6013b621",
                        "width": 300
                    },
                    {
                        "height": 64,
                        "url": "https://i.scdn.co/image/ab67616d000048517ceee6b8cc8fb7ea6013b621",
                        "width": 64
                    }
                ],
                "name": "To All The Boys: Always and Forever (Music From The Netflix Film)",
                "release_date": "2021-02-12",
                "release_date_precision": "day",
                "total_tracks": 16,
                "type": "album",
                "uri": "spotify:album:35SXwj3IksuJcEbBckg2GT"
            },
            {
                "album_type": "single",
                "artists": [
                    {
                        "external_urls": {
                            "spotify": "https://open.spotify.com/artist/21dooacK2WGBB5amYvKyfM"
                        },
                        "href": "https://api.spotify.com/v1/artists/21dooacK2WGBB5amYvKyfM",
                        "id": "21dooacK2WGBB5amYvKyfM",
                        "name": "Smokepurpp",
                        "type": "artist",
                        "uri": "spotify:artist:21dooacK2WGBB5amYvKyfM"
                    }
                ],
                "available_markets": [
                    "AD",
                    "AE",
                    "AL",
                    "AR",
                    "AT",
                    "AU",
                    "BA",
                    "BE",
                    "BG",
                    "BH",
                    "BO",
                    "BR",
                    "BY",
                    "CA",
                    "CH",
                    "CL",
                    "CO",
                    "CR",
                    "CY",
                    "CZ",
                    "DE",
                    "DK",
                    "DO",
                    "DZ",
                    "EC",
                    "EE",
                    "EG",
                    "ES",
                    "FI",
                    "FR",
                    "GB",
                    "GR",
                    "GT",
                    "HK",
                    "HN",
                    "HR",
                    "HU",
                    "ID",
                    "IE",
                    "IL",
                    "IN",
                    "IS",
                    "IT",
                    "JO",
                    "JP",
                    "KR",
                    "KW",
                    "KZ",
                    "LB",
                    "LI",
                    "LT",
                    "LU",
                    "LV",
                    "MA",
                    "MC",
                    "MD",
                    "ME",
                    "MK",
                    "MT",
                    "MX",
                    "MY",
                    "NI",
                    "NL",
                    "NO",
                    "NZ",
                    "OM",
                    "PA",
                    "PE",
                    "PH",
                    "PL",
                    "PS",
                    "PT",
                    "PY",
                    "QA",
                    "RO",
                    "RS",
                    "RU",
                    "SA",
                    "SE",
                    "SG",
                    "SI",
                    "SK",
                    "SV",
                    "TH",
                    "TN",
                    "TR",
                    "TW",
                    "UA",
                    "US",
                    "UY",
                    "VN",
                    "XK",
                    "ZA"
                ],
                "external_urls": {
                    "spotify": "https://open.spotify.com/album/5mAE3wnUqqifNov4YBqri6"
                },
                "href": "https://api.spotify.com/v1/albums/5mAE3wnUqqifNov4YBqri6",
                "id": "5mAE3wnUqqifNov4YBqri6",
                "images": [
                    {
                        "height": 640,
                        "url": "https://i.scdn.co/image/ab67616d0000b2730f2a8f8bf0f1b95e3b662240",
                        "width": 640
                    },
                    {
                        "height": 300,
                        "url": "https://i.scdn.co/image/ab67616d00001e020f2a8f8bf0f1b95e3b662240",
                        "width": 300
                    },
                    {
                        "height": 64,
                        "url": "https://i.scdn.co/image/ab67616d000048510f2a8f8bf0f1b95e3b662240",
                        "width": 64
                    }
                ],
                "name": "PSYCHO (Legally Insane) EP",
                "release_date": "2021-02-10",
                "release_date_precision": "day",
                "total_tracks": 6,
                "type": "album",
                "uri": "spotify:album:5mAE3wnUqqifNov4YBqri6"
            },
            {
                "album_type": "single",
                "artists": [
                    {
                        "external_urls": {
                            "spotify": "https://open.spotify.com/artist/1HcAkAeL4xf02wzAnl7mIV"
                        },
                        "href": "https://api.spotify.com/v1/artists/1HcAkAeL4xf02wzAnl7mIV",
                        "id": "1HcAkAeL4xf02wzAnl7mIV",
                        "name": "Michael Brun",
                        "type": "artist",
                        "uri": "spotify:artist:1HcAkAeL4xf02wzAnl7mIV"
                    }
                ],
                "available_markets": [
                    "AD",
                    "AE",
                    "AL",
                    "AR",
                    "AT",
                    "AU",
                    "BA",
                    "BE",
                    "BG",
                    "BH",
                    "BO",
                    "BR",
                    "BY",
                    "CA",
                    "CH",
                    "CL",
                    "CO",
                    "CR",
                    "CY",
                    "CZ",
                    "DE",
                    "DK",
                    "DO",
                    "DZ",
                    "EC",
                    "EE",
                    "EG",
                    "ES",
                    "FI",
                    "FR",
                    "GB",
                    "GR",
                    "GT",
                    "HK",
                    "HN",
                    "HR",
                    "HU",
                    "ID",
                    "IE",
                    "IL",
                    "IN",
                    "IS",
                    "IT",
                    "JO",
                    "JP",
                    "KR",
                    "KW",
                    "KZ",
                    "LB",
                    "LI",
                    "LT",
                    "LU",
                    "LV",
                    "MA",
                    "MC",
                    "MD",
                    "ME",
                    "MK",
                    "MT",
                    "MX",
                    "MY",
                    "NI",
                    "NL",
                    "NO",
                    "NZ",
                    "OM",
                    "PA",
                    "PE",
                    "PH",
                    "PL",
                    "PS",
                    "PT",
                    "PY",
                    "QA",
                    "RO",
                    "RS",
                    "RU",
                    "SA",
                    "SE",
                    "SG",
                    "SI",
                    "SK",
                    "SV",
                    "TH",
                    "TN",
                    "TR",
                    "TW",
                    "UA",
                    "US",
                    "UY",
                    "VN",
                    "XK",
                    "ZA"
                ],
                "external_urls": {
                    "spotify": "https://open.spotify.com/album/6Mj7wkPDHPr6OV4mDZCUsp"
                },
                "href": "https://api.spotify.com/v1/albums/6Mj7wkPDHPr6OV4mDZCUsp",
                "id": "6Mj7wkPDHPr6OV4mDZCUsp",
                "images": [
                    {
                        "height": 640,
                        "url": "https://i.scdn.co/image/ab67616d0000b2731d2b025ae4752fca84daab52",
                        "width": 640
                    },
                    {
                        "height": 300,
                        "url": "https://i.scdn.co/image/ab67616d00001e021d2b025ae4752fca84daab52",
                        "width": 300
                    },
                    {
                        "height": 64,
                        "url": "https://i.scdn.co/image/ab67616d000048511d2b025ae4752fca84daab52",
                        "width": 64
                    }
                ],
                "name": "Melanin",
                "release_date": "2021-02-10",
                "release_date_precision": "day",
                "total_tracks": 5,
                "type": "album",
                "uri": "spotify:album:6Mj7wkPDHPr6OV4mDZCUsp"
            },
            {
                "album_type": "album",
                "artists": [
                    {
                        "external_urls": {
                            "spotify": "https://open.spotify.com/artist/5MaQlvNGOaTj39apHsXVq1"
                        },
                        "href": "https://api.spotify.com/v1/artists/5MaQlvNGOaTj39apHsXVq1",
                        "id": "5MaQlvNGOaTj39apHsXVq1",
                        "name": "Claud",
                        "type": "artist",
                        "uri": "spotify:artist:5MaQlvNGOaTj39apHsXVq1"
                    }
                ],
                "available_markets": [
                    "AD",
                    "AE",
                    "AL",
                    "AR",
                    "AT",
                    "AU",
                    "BA",
                    "BE",
                    "BG",
                    "BH",
                    "BO",
                    "BR",
                    "BY",
                    "CA",
                    "CH",
                    "CL",
                    "CO",
                    "CR",
                    "CY",
                    "CZ",
                    "DE",
                    "DK",
                    "DO",
                    "DZ",
                    "EC",
                    "EE",
                    "EG",
                    "ES",
                    "FI",
                    "FR",
                    "GB",
                    "GR",
                    "GT",
                    "HK",
                    "HN",
                    "HR",
                    "HU",
                    "ID",
                    "IE",
                    "IL",
                    "IN",
                    "IS",
                    "IT",
                    "JO",
                    "JP",
                    "KR",
                    "KW",
                    "KZ",
                    "LB",
                    "LI",
                    "LT",
                    "LU",
                    "LV",
                    "MA",
                    "MC",
                    "MD",
                    "ME",
                    "MK",
                    "MT",
                    "MX",
                    "MY",
                    "NI",
                    "NL",
                    "NO",
                    "NZ",
                    "OM",
                    "PA",
                    "PE",
                    "PH",
                    "PL",
                    "PS",
                    "PT",
                    "PY",
                    "QA",
                    "RO",
                    "RS",
                    "RU",
                    "SA",
                    "SE",
                    "SG",
                    "SI",
                    "SK",
                    "SV",
                    "TH",
                    "TN",
                    "TR",
                    "TW",
                    "UA",
                    "US",
                    "UY",
                    "VN",
                    "XK",
                    "ZA"
                ],
                "external_urls": {
                    "spotify": "https://open.spotify.com/album/1S0ZLW9sEo7yb5wKxYSeYp"
                },
                "href": "https://api.spotify.com/v1/albums/1S0ZLW9sEo7yb5wKxYSeYp",
                "id": "1S0ZLW9sEo7yb5wKxYSeYp",
                "images": [
                    {
                        "height": 640,
                        "url": "https://i.scdn.co/image/ab67616d0000b273f9ab9a31e4fbc9a0ceef6fe0",
                        "width": 640
                    },
                    {
                        "height": 300,
                        "url": "https://i.scdn.co/image/ab67616d00001e02f9ab9a31e4fbc9a0ceef6fe0",
                        "width": 300
                    },
                    {
                        "height": 64,
                        "url": "https://i.scdn.co/image/ab67616d00004851f9ab9a31e4fbc9a0ceef6fe0",
                        "width": 64
                    }
                ],
                "name": "Super Monster",
                "release_date": "2021-02-12",
                "release_date_precision": "day",
                "total_tracks": 13,
                "type": "album",
                "uri": "spotify:album:1S0ZLW9sEo7yb5wKxYSeYp"
            }
        ],
        "limit": 20,
        "next": "https://api.spotify.com/v1/browse/new-releases?offset=20&limit=20",
        "offset": 0,
        "previous": null,
        "total": 100
    }
}