{
    "albums": {
        "href": "https://api.spotify.com/v1/search?query=Bob+Marley&type=album&offset=0&limit=20",
        "items": [
            {
                "album_type": "album",
                "artists": [
                    {
                        "external_urls": {
                            "spotify": "https://open.spotify.com/artist/2QsynagSdAqZj3U9HgDzjD"
                        },
                        "href": "https://api.spotify.com/v1/artists/2QsynagSdAqZj3U9HgDzjD",
                        "id": "2QsynagSdAqZj3U9HgDzjD",
                        "name": "Bob Marley & The Wailers",
                        "type": "artist",
                        "uri": "spotify:artist:2QsynagSdAqZj3U9HgDzjD"
                    }
                ],
                "available_markets": [
                    "AD",
                    "AE",
                    "AL",
                    "AR",
                    "AT",
                    "AU",
                    "BA",
                    "BE",
                    "BG",
                    "BH",
                    "BO",
                    "BR",
                    "BY",
                    "CA",
                    "CH",
                    "CL",
                    "CO",
                    "CR",
                    "CY",
                    "CZ",
                    "DE",
                    "DK",
                    "DZ",
                    "EC",
                    "EE",
                    "EG",
                    "ES",
                    "FI",
                    "FR",
                    "GB",
                    "GR",
                    "GT",
                    "HK",
                    "HN",
                    "HR",
                    "HU",
                    "ID",
                    "IE",
                    "IL",
                    "IN",
                    "IS",
                    "IT",
                    "JO",
                    "JP",
                    "KR",
                    "KW",
                    "KZ",
                    "LB",
                    "LI",
                    "LT",
                    "LU",
                    "LV",
                    "MA",
                    "MC",
                    "MD",
                    "ME",
                    "MK",
                    "MT",
                    "MX",
                    "MY",
                    "NI",
                    "NL",
                    "NO",
                    "NZ",
                    "OM",
                    "PA",
                    "PE",
                    "PH",
                    "PL",
                    "PS",
                    "PT",
                    "PY",
                    "QA",
                    "RO",
                    "RS",
                    "RU",
                    "SA",
                    "SE",
                    "SG",
                    "SI",
                    "SK",
                    "SV",
                    "TH",
                    "TN",
                    "TR",
                    "TW",
                    "UA",
                    "US",
                    "UY",
                    "VN",
                    "XK",
                    "ZA"
                ],
                "external_urls": {
                    "spotify": "https://open.spotify.com/album/1vHvJVBK0WnpbYFw4f4UTD"
                },
                "href": "https://api.spotify.com/v1/albums/1vHvJVBK0WnpbYFw4f4UTD",
                "id": "1vHvJVBK0WnpbYFw4f4UTD",
                "images": [
                    {
                        "height": 640,
                        "url": "https://i.scdn.co/image/ab67616d0000b273420b2459f35e0fc98bcab288",
                        "width": 640
                    },
                    {
                        "height": 300,
                        "url": "https://i.scdn.co/image/ab67616d00001e02420b2459f35e0fc98bcab288",
                        "width": 300
                    },
                    {
                        "height": 64,
                        "url": "https://i.scdn.co/image/ab67616d00004851420b2459f35e0fc98bcab288",
                        "width": 64
                    }
                ],
                "name": "Exodus (Deluxe Edition)",
                "release_date": "1977-01-03",
                "release_date_precision": "day",
                "total_tracks": 25,
                "type": "album",
                "uri": "spotify:album:1vHvJVBK0WnpbYFw4f4UTD"
            },
            {
                "album_type": "compilation",
                "artists": [
                    {
                        "external_urls": {
                            "spotify": "https://open.spotify.com/artist/2QsynagSdAqZj3U9HgDzjD"
                        },
                        "href": "https://api.spotify.com/v1/artists/2QsynagSdAqZj3U9HgDzjD",
                        "id": "2QsynagSdAqZj3U9HgDzjD",
                        "name": "Bob Marley & The Wailers",
                        "type": "artist",
                        "uri": "spotify:artist:2QsynagSdAqZj3U9HgDzjD"
                    }
                ],
                "available_markets": [
                    "AD",
                    "AE",
                    "AL",
                    "AR",
                    "AT",
                    "AU",
                    "BA",
                    "BE",
                    "BG",
                    "BH",
                    "BO",
                    "BR",
                    "BY",
                    "CA",
                    "CH",
                    "CL",
                    "CO",
                    "CR",
                    "CY",
                    "CZ",
                    "DE",
                    "DK",
                    "DZ",
                    "EC",
                    "EE",
                    "EG",
                    "ES",
                    "FI",
                    "FR",
                    "GB",
                    "GR",
                    "GT",
                    "HK",
                    "HN",
                    "HR",
                    "HU",
                    "ID",
                    "IE",
                    "IL",
                    "IN",
                    "IS",
                    "IT",
                    "JO",
                    "JP",
                    "KR",
                    "KW",
                    "KZ",
                    "LB",
                    "LI",
                    "LT",
                    "LU",
                    "LV",
                    "MA",
                    "MC",
                    "MD",
                    "ME",
                    "MK",
                    "MT",
                    "MX",
                    "MY",
                    "NI",
                    "NL",
                    "NO",
                    "NZ",
                    "OM",
                    "PA",
                    "PE",
                    "PH",
                    "PL",
                    "PS",
                    "PT",
                    "PY",
                    "QA",
                    "RO",
                    "RS",
                    "RU",
                    "SA",
                    "SE",
                    "SG",
                    "SI",
                    "SK",
                    "SV",
                    "TH",
                    "TN",
                    "TR",
                    "TW",
                    "UA",
                    "US",
                    "UY",
                    "VN",
                    "XK",
                    "ZA"
                ],
                "external_urls": {
                    "spotify": "https://open.spotify.com/album/4jKeipwuUTjlx9USNYdhZn"
                },
                "href": "https://api.spotify.com/v1/albums/4jKeipwuUTjlx9USNYdhZn",
                "id": "4jKeipwuUTjlx9USNYdhZn",
                "images": [
                    {
                        "height": 640,
                        "url": "https://i.scdn.co/image/ab67616d0000b273413a6c2c7b296d98171e5e21",
                        "width": 640
                    },
                    {
                        "height": 300,
                        "url": "https://i.scdn.co/image/ab67616d00001e02413a6c2c7b296d98171e5e21",
                        "width": 300
                    },
                    {
                        "height": 64,
                        "url": "https://i.scdn.co/image/ab67616d00004851413a6c2c7b296d98171e5e21",
                        "width": 64
                    }
                ],
                "name": "Legend - The Best Of Bob Marley And The Wailers",
                "release_date": "2002-01-01",
                "release_date_precision": "day",
                "total_tracks": 16,
                "type": "album",
                "uri": "spotify:album:4jKeipwuUTjlx9USNYdhZn"
            },
            {
                "album_type": "album",
                "artists": [
                    {
                        "external_urls": {
                            "spotify": "https://open.spotify.com/artist/2QsynagSdAqZj3U9HgDzjD"
                        },
                        "href": "https://api.spotify.com/v1/artists/2QsynagSdAqZj3U9HgDzjD",
                        "id": "2QsynagSdAqZj3U9HgDzjD",
                        "name": "Bob Marley & The Wailers",
                        "type": "artist",
                        "uri": "spotify:artist:2QsynagSdAqZj3U9HgDzjD"
                    }
                ],
                "available_markets": [
                    "AD",
                    "AE",
                    "AL",
                    "AR",
                    "AT",
                    "AU",
                    "BA",
                    "BE",
                    "BG",
                    "BH",
                    "BO",
                    "BR",
                    "BY",
                    "CA",
                    "CH",
                    "CL",
                    "CO",
                    "CR",
                    "CY",
                    "CZ",
                    "DE",
                    "DK",
                    "DZ",
                    "EC",
                    "EE",
                    "EG",
                    "ES",
                    "FI",
                    "FR",
                    "GB",
                    "GR",
                    "GT",
                    "HK",
                    "HN",
                    "HR",
                    "HU",
                    "ID",
                    "IE",
                    "IL",
                    "IN",
                    "IS",
                    "IT",
                    "JO",
                    "JP",
                    "KR",
                    "KW",
                    "KZ",
                    "LB",
                    "LI",
                    "LT",
                    "LU",
                    "LV",
                    "MA",
                    "MC",
                    "MD",
                    "ME",
                    "MK",
                    "MT",
                    "MX",
                    "MY",
                    "NI",
                    "NL",
                    "NO",
                    "NZ",
                    "OM",
                    "PA",
                    "PE",
                    "PH",
                    "PL",
                    "PS",
                    "PT",
                    "PY",
                    "QA",
                    "RO",
                    "RS",
                    "RU",
                    "SA",
                    "SE",
                    "SG",
                    "SI",
                    "SK",
                    "SV",
                    "TH",
                    "TN",
                    "TR",
                    "TW",
                    "UA",
                    "US",
                    "UY",
                    "VN",
                    "XK",
                    "ZA"
                ],
                "external_urls": {
                    "spotify": "https://open.spotify.com/album/321q9p7PELvzcFAWxml7VX"
                },
                "href": "https://api.spotify.com/v1/albums/321q9p7PELvzcFAWxml7VX",
                "id": "321q9p7PELvzcFAWxml7VX",
                "images": [
                    {
                        "height": 640,
                        "url": "https://i.scdn.co/image/ab67616d0000b2731c40418d1c37d727e8e91b04",
                        "width": 640
                    },
                    {
                        "height": 300,
                        "url": "https://i.scdn.co/image/ab67616d00001e021c40418d1c37d727e8e91b04",
                        "width": 300
                    },
                    {
                        "height": 64,
                        "url": "https://i.scdn.co/image/ab67616d000048511c40418d1c37d727e8e91b04",
                        "width": 64
                    }
                ],
                "name": "Uprising",
                "release_date": "1980",
                "release_date_precision": "year",
                "total_tracks": 12,
                "type": "album",
                "uri": "spotify:album:321q9p7PELvzcFAWxml7VX"
            },
            {
                "album_type": "album",
                "artists": [
                    {
                        "external_urls": {
                            "spotify": "https://open.spotify.com/artist/2QsynagSdAqZj3U9HgDzjD"
                        },
                        "href": "https://api.spotify.com/v1/artists/2QsynagSdAqZj3U9HgDzjD",
                        "id": "2QsynagSdAqZj3U9HgDzjD",
                        "name": "Bob Marley & The Wailers",
                        "type": "artist",
                        "uri": "spotify:artist:2QsynagSdAqZj3U9HgDzjD"
                    }
                ],
                "available_markets": [
                    "AD",
                    "AE",
                    "AL",
                    "AR",
                    "AT",
                    "AU",
                    "BA",
                    "BE",
                    "BG",
                    "BH",
                    "BO",
                    "BR",
                    "BY",
                    "CA",
                    "CH",
                    "CL",
                    "CO",
                    "CR",
                    "CY",
                    "CZ",
                    "DE",
                    "DK",
                    "DZ",
                    "EC",
                    "EE",
                    "EG",
                    "ES",
                    "FI",
                    "FR",
                    "GB",
                    "GR",
                    "GT",
                    "HK",
                    "HN",
                    "HR",
                    "HU",
                    "ID",
                    "IE",
                    "IL",
                    "IN",
                    "IS",
                    "IT",
                    "JO",
                    "JP",
                    "KR",
                    "KW",
                    "KZ",
                    "LB",
                    "LI",
                    "LT",
                    "LU",
                    "LV",
                    "MA",
                    "MC",
                    "MD",
                    "ME",
                    "MK",
                    "MT",
                    "MX",
                    "MY",
                    "NI",
                    "NL",
                    "NO",
                    "NZ",
                    "OM",
                    "PA",
                    "PE",
                    "PH",
                    "PL",
                    "PS",
                    "PT",
                    "PY",
                    "QA",
                    "RO",
                    "RS",
                    "RU",
                    "SA",
                    "SE",
                    "SG",
                    "SI",
                    "SK",
                    "SV",
                    "TH",
                    "TN",
                    "TR",
                    "TW",
                    "UA",
                    "US",
                    "UY",
                    "VN",
                    "XK",
                    "ZA"
                ],
                "external_urls": {
                    "spotify": "https://open.spotify.com/album/13dXX35pYjr8FqRla40K2a"
                },
                "href": "https://api.spotify.com/v1/albums/13dXX35pYjr8FqRla40K2a",
                "id": "13dXX35pYjr8FqRla40K2a",
                "images": [
                    {
                        "height": 640,
                        "url": "https://i.scdn.co/image/ab67616d0000b273387799441ba867649dfbb702",
                        "width": 640
                    },
                    {
                        "height": 300,
                        "url": "https://i.scdn.co/image/ab67616d00001e02387799441ba867649dfbb702",
                        "width": 300
                    },
                    {
                        "height": 64,
                        "url": "https://i.scdn.co/image/ab67616d00004851387799441ba867649dfbb702",
                        "width": 64
                    }
                ],
                "name": "Kaya",
                "release_date": "1978",
                "release_date_precision": "year",
                "total_tracks": 11,
                "type": "album",
                "uri": "spotify:album:13dXX35pYjr8FqRla40K2a"
            },
            {
                "album_type": "album",
                "artists": [
                    {
                        "external_urls": {
                            "spotify": "https://open.spotify.com/artist/2QsynagSdAqZj3U9HgDzjD"
                        },
                        "href": "https://api.spotify.com/v1/artists/2QsynagSdAqZj3U9HgDzjD",
                        "id": "2QsynagSdAqZj3U9HgDzjD",
                        "name": "Bob Marley & The Wailers",
                        "type": "artist",
                        "uri": "spotify:artist:2QsynagSdAqZj3U9HgDzjD"
                    }
                ],
                "available_markets": [
                    "AD",
                    "AE",
                    "AL",
                    "AR",
                    "AT",
                    "AU",
                    "BA",
                    "BE",
                    "BG",
                    "BH",
                    "BO",
                    "BR",
                    "BY",
                    "CA",
                    "CH",
                    "CL",
                    "CO",
                    "CR",
                    "CY",
                    "CZ",
                    "DE",
                    "DK",
                    "DZ",
                    "EC",
                    "EE",
                    "EG",
                    "ES",
                    "FI",
                    "FR",
                    "GB",
                    "GR",
                    "GT",
                    "HK",
                    "HN",
                    "HR",
                    "HU",
                    "ID",
                    "IE",
                    "IL",
                    "IN",
                    "IS",
                    "IT",
                    "JO",
                    "JP",
                    "KR",
                    "KW",
                    "KZ",
                    "LB",
                    "LI",
                    "LT",
                    "LU",
                    "LV",
                    "MA",
                    "MC",
                    "MD",
                    "ME",
                    "MK",
                    "MT",
                    "MX",
                    "MY",
                    "NI",
                    "NL",
                    "NO",
                    "NZ",
                    "OM",
                    "PA",
                    "PE",
                    "PH",
                    "PL",
                    "PS",
                    "PT",
                    "PY",
                    "QA",
                    "RO",
                    "RS",
                    "RU",
                    "SA",
                    "SE",
                    "SG",
                    "SI",
                    "SK",
                    "SV",
                    "TH",
                    "TN",
                    "TR",
                    "TW",
                    "UA",
                    "US",
                    "UY",
                    "VN",
                    "XK",
                    "ZA"
                ],
                "external_urls": {
                    "spotify": "https://open.spotify.com/album/5Rg4ZSwf1LPCuAMr0msdun"
                },
                "href": "https://api.spotify.com/v1/albums/5Rg4ZSwf1LPCuAMr0msdun",
                "id": "5Rg4ZSwf1LPCuAMr0msdun",
                "images": [
                    {
                        "height": 640,
                        "url": "https://i.scdn.co/image/ab67616d0000b2737e0b5fe0454234229e52a491",
                        "width": 640
                    },
                    {
                        "height": 300,
                        "url": "https://i.scdn.co/image/ab67616d00001e027e0b5fe0454234229e52a491",
                        "width": 300
                    },
                    {
                        "height": 64,
                        "url": "https://i.scdn.co/image/ab67616d000048517e0b5fe0454234229e52a491",
                        "width": 64
                    }
                ],
                "name": "Confrontation",
                "release_date": "1983",
                "release_date_precision": "year",
                "total_tracks": 11,
                "type": "album",
                "uri": "spotify:album:5Rg4ZSwf1LPCuAMr0msdun"
            },
            {
                "album_type": "album",
                "artists": [
                    {
                        "external_urls": {
                            "spotify": "https://open.spotify.com/artist/2QsynagSdAqZj3U9HgDzjD"
                        },
                        "href": "https://api.spotify.com/v1/artists/2QsynagSdAqZj3U9HgDzjD",
                        "id": "2QsynagSdAqZj3U9HgDzjD",
                        "name": "Bob Marley & The Wailers",
                        "type": "artist",
                        "uri": "spotify:artist:2QsynagSdAqZj3U9HgDzjD"
                    }
                ],
                "available_markets": [
                    "AD",
                    "AE",
                    "AL",
                    "AR",
                    "AT",
                    "AU",
                    "BA",
                    "BE",
                    "BG",
                    "BH",
                    "BO",
                    "BR",
                    "BY",
                    "CA",
                    "CH",
                    "CL",
                    "CO",
                    "CR",
                    "CY",
                    "CZ",
                    "DE",
                    "DK",
                    "DZ",
                    "EC",
                    "EE",
                    "EG",
                    "ES",
                    "FI",
                    "FR",
                    "GB",
                    "GR",
                    "GT",
                    "HK",
                    "HN",
                    "HR",
                    "HU",
                    "ID",
                    "IE",
                    "IL",
                    "IN",
                    "IS",
                    "IT",
                    "JO",
                    "JP",
                    "KR",
                    "KW",
                    "KZ",
                    "LB",
                    "LI",
                    "LT",
                    "LU",
                    "LV",
                    "MA",
                    "MC",
                    "MD",
                    "ME",
                    "MK",
                    "MT",
                    "MX",
                    "MY",
                    "NI",
                    "NL",
                    "NO",
                    "NZ",
                    "OM",
                    "PA",
                    "PE",
                    "PH",
                    "PL",
                    "PS",
                    "PT",
                    "PY",
                    "QA",
                    "RO",
                    "RS",
                    "RU",
                    "SA",
                    "SE",
                    "SG",
                    "SI",
                    "SK",
                    "SV",
                    "TH",
                    "TN",
                    "TR",
                    "TW",
                    "UA",
                    "US",
                    "UY",
                    "VN",
                    "XK",
                    "ZA"
                ],
                "external_urls": {
                    "spotify": "https://open.spotify.com/album/09Df7mUZBQwbDYgvE0t30r"
                },
                "href": "https://api.spotify.com/v1/albums/09Df7mUZBQwbDYgvE0t30r",
                "id": "09Df7mUZBQwbDYgvE0t30r",
                "images": [
                    {
                        "height": 640,
                        "url": "https://i.scdn.co/image/ab67616d0000b2735c15cf8bfc892d27aecf2f6d",
                        "width": 640
                    },
                    {
                        "height": 300,
                        "url": "https://i.scdn.co/image/ab67616d00001e025c15cf8bfc892d27aecf2f6d",
                        "width": 300
                    },
                    {
                        "height": 64,
                        "url": "https://i.scdn.co/image/ab67616d000048515c15cf8bfc892d27aecf2f6d",
                        "width": 64
                    }
                ],
                "name": "Survival",
                "release_date": "1979",
                "release_date_precision": "year",
                "total_tracks": 11,
                "type": "album",
                "uri": "spotify:album:09Df7mUZBQwbDYgvE0t30r"
            },
            {
                "album_type": "album",
                "artists": [
                    {
                        "external_urls": {
                            "spotify": "https://open.spotify.com/artist/2QsynagSdAqZj3U9HgDzjD"
                        },
                        "href": "https://api.spotify.com/v1/artists/2QsynagSdAqZj3U9HgDzjD",
                        "id": "2QsynagSdAqZj3U9HgDzjD",
                        "name": "Bob Marley & The Wailers",
                        "type": "artist",
                        "uri": "spotify:artist:2QsynagSdAqZj3U9HgDzjD"
                    }
                ],
                "available_markets": [
                    "AD",
                    "AE",
                    "AL",
                    "AR",
                    "AT",
                    "AU",
                    "BA",
                    "BE",
                    "BG",
                    "BH",
                    "BO",
                    "BR",
                    "BY",
                    "CA",
                    "CH",
                    "CL",
                    "CO",
                    "CR",
                    "CY",
                    "CZ",
                    "DE",
                    "DK",
                    "DZ",
                    "EC",
                    "EE",
                    "EG",
                    "ES",
                    "FI",
                    "FR",
                    "GB",
                    "GR",
                    "GT",
                    "HK",
                    "HN",
                    "HR",
                    "HU",
                    "ID",
                    "IE",
                    "IL",
                    "IN",
                    "IS",
                    "IT",
                    "JO",
                    "JP",
                    "KR",
                    "KW",
                    "KZ",
                    "LB",
                    "LI",
                    "LT",
                    "LU",
                    "LV",
                    "MA",
                    "MC",
                    "MD",
                    "ME",
                    "MK",
                    "MT",
                    "MX",
                    "MY",
                    "NI",
                    "NL",
                    "NO",
                    "NZ",
                    "OM",
                    "PA",
                    "PE",
                    "PH",
                    "PL",
                    "PS",
                    "PT",
                    "PY",
                    "QA",
                    "RO",
                    "RS",
                    "RU",
                    "SA",
                    "SE",
                    "SG",
                    "SI",
                    "SK",
                    "SV",
                    "TH",
                    "TN",
                    "TR",
                    "TW",
                    "UA",
                    "US",
                    "UY",
                    "VN",
                    "XK",
                    "ZA"
                ],
                "external_urls": {
                    "spotify": "https://open.spotify.com/album/39kLAVdcgW7jbMcTEaY2qy"
                },
                "href": "https://api.spotify.com/v1/albums/39kLAVdcgW7jbMcTEaY2qy",
                "id": "39kLAVdcgW7jbMcTEaY2qy",
                "images": [
                    {
                        "height": 640,
                        "url": "https://i.scdn.co/image/ab67616d0000b27387ef6dae7545173089c68f34",
                        "width": 640
                    },
                    {
                        "height": 300,
                        "url": "https://i.scdn.co/image/ab67616d00001e0287ef6dae7545173089c68f34",
                        "width": 300
                    },
                    {
                        "height": 64,
                        "url": "https://i.scdn.co/image/ab67616d0000485187ef6dae7545173089c68f34",
                        "width": 64
                    }
                ],
                "name": "Catch A Fire",
                "release_date": "1973-04-13",
                "release_date_precision": "day",
                "total_tracks": 20,
                "type": "album",
                "uri": "spotify:album:39kLAVdcgW7jbMcTEaY2qy"
            },
            {
                "album_type": "album",
                "artists": [
                    {
                        "external_urls": {
                            "spotify": "https://open.spotify.com/artist/2QsynagSdAqZj3U9HgDzjD"
                        },
                        "href": "https://api.spotify.com/v1/artists/2QsynagSdAqZj3U9HgDzjD",
                        "id": "2QsynagSdAqZj3U9HgDzjD",
                        "name": "Bob Marley & The Wailers",
                        "type": "artist",
                        "uri": "spotify:artist:2QsynagSdAqZj3U9HgDzjD"
                    }
                ],
                "available_markets": [
                    "AE",
                    "AL",
                    "AR",
                    "AT",
                    "AU",
                    "BA",
                    "BE",
                    "BG",
                    "BH",
                    "BO",
                    "BR",
                    "BY",
                    "CA",
                    "CH",
                    "CL",
                    "CO",
                    "CR",
                    "CY",
                    "CZ",
                    "DE",
                    "DK",
                    "DZ",
                    "EC",
                    "EE",
                    "EG",
                    "ES",
                    "FI",
                    "FR",
                    "GB",
                    "GR",
                    "GT",
                    "HK",
                    "HN",
                    "HR",
                    "HU",
                    "ID",
                    "IE",
                    "IL",
                    "IN",
                    "IS",
                    "IT",
                    "JP",
                    "KR",
                    "KW",
                    "LB",
                    "LT",
                    "LU",
                    "LV",
                    "MA",
                    "ME",
                    "MK",
                    "MT",
                    "MX",
                    "MY",
                    "NI",
                    "NL",
                    "NO",
                    "NZ",
                    "OM",
                    "PA",
                    "PE",
                    "PH",
                    "PL",
                    "PT",
                    "PY",
                    "QA",
                    "RO",
                    "RS",
                    "RU",
                    "SA",
                    "SE",
                    "SG",
                    "SI",
                    "SK",
                    "SV",
                    "TH",
                    "TN",
                    "TR",
                    "TW",
                    "UA",
                    "US",
                    "UY",
                    "VN",
                    "XK",
                    "ZA"
                ],
                "external_urls": {
                    "spotify": "https://open.spotify.com/album/1krSTklspcBqtOZqdzxALx"
                },
                "href": "https://api.spotify.com/v1/albums/1krSTklspcBqtOZqdzxALx",
                "id": "1krSTklspcBqtOZqdzxALx",
                "images": [
                    {
                        "height": 640,
                        "url": "https://i.scdn.co/image/ab67616d0000b27381d3ee287795d6c972c73c0a",
                        "width": 640
                    },
                    {
                        "height": 300,
                        "url": "https://i.scdn.co/image/ab67616d00001e0281d3ee287795d6c972c73c0a",
                        "width": 300
                    },
                    {
                        "height": 64,
                        "url": "https://i.scdn.co/image/ab67616d0000485181d3ee287795d6c972c73c0a",
                        "width": 64
                    }
                ],
                "name": "Bob Marley Legacy: Punky Reggae Party",
                "release_date": "2020-12-11",
                "release_date_precision": "day",
                "total_tracks": 6,
                "type": "album",
                "uri": "spotify:album:1krSTklspcBqtOZqdzxALx"
            },
            {
                "album_type": "album",
                "artists": [
                    {
                        "external_urls": {
                            "spotify": "https://open.spotify.com/artist/2QsynagSdAqZj3U9HgDzjD"
                        },
                        "href": "https://api.spotify.com/v1/artists/2QsynagSdAqZj3U9HgDzjD",
                        "id": "2QsynagSdAqZj3U9HgDzjD",
                        "name": "Bob Marley & The Wailers",
                        "type": "artist",
                        "uri": "spotify:artist:2QsynagSdAqZj3U9HgDzjD"
                    }
                ],
                "available_markets": [
                    "AD",
                    "AE",
                    "AL",
                    "AR",
                    "AT",
                    "AU",
                    "BA",
                    "BE",
                    "BG",
                    "BH",
                    "BO",
                    "BR",
                    "BY",
                    "CA",
                    "CH",
                    "CL",
                    "CO",
                    "CR",
                    "CY",
                    "CZ",
                    "DE",
                    "DK",
                    "DZ",
                    "EC",
                    "EE",
                    "EG",
                    "ES",
                    "FI",
                    "FR",
                    "GB",
                    "GR",
                    "GT",
                    "HK",
                    "HN",
                    "HR",
                    "HU",
                    "ID",
                    "IE",
                    "IL",
                    "IN",
                    "IS",
                    "IT",
                    "JO",
                    "JP",
                    "KR",
                    "KW",
                    "KZ",
                    "LB",
                    "LI",
                    "LT",
                    "LU",
                    "LV",
                    "MA",
                    "MC",
                    "MD",
                    "ME",
                    "MK",
                    "MT",
                    "MX",
                    "MY",
                    "NI",
                    "NL",
                    "NO",
                    "NZ",
                    "OM",
                    "PA",
                    "PE",
                    "PH",
                    "PL",
                    "PS",
                    "PT",
                    "PY",
                    "QA",
                    "RO",
                    "RS",
                    "RU",
                    "SA",
                    "SE",
                    "SG",
                    "SI",
                    "SK",
                    "SV",
                    "TH",
                    "TN",
                    "TR",
                    "TW",
                    "UA",
                    "US",
                    "UY",
                    "VN",
                    "XK",
                    "ZA"
                ],
                "external_urls": {
                    "spotify": "https://open.spotify.com/album/2MnN6FfnhDf4Zk5g0dIAJv"
                },
                "href": "https://api.spotify.com/v1/albums/2MnN6FfnhDf4Zk5g0dIAJv",
                "id": "2MnN6FfnhDf4Zk5g0dIAJv",
                "images": [
                    {
                        "height": 640,
                        "url": "https://i.scdn.co/image/ab67616d0000b273fe3cfa9aafb127e890d5126b",
                        "width": 640
                    },
                    {
                        "height": 300,
                        "url": "https://i.scdn.co/image/ab67616d00001e02fe3cfa9aafb127e890d5126b",
                        "width": 300
                    },
                    {
                        "height": 64,
                        "url": "https://i.scdn.co/image/ab67616d00004851fe3cfa9aafb127e890d5126b",
                        "width": 64
                    }
                ],
                "name": "Kaya - Deluxe Edition",
                "release_date": "1978-03-23",
                "release_date_precision": "day",
                "total_tracks": 24,
                "type": "album",
                "uri": "spotify:album:2MnN6FfnhDf4Zk5g0dIAJv"
            },
            {
                "album_type": "compilation",
                "artists": [
                    {
                        "external_urls": {
                            "spotify": "https://open.spotify.com/artist/2QsynagSdAqZj3U9HgDzjD"
                        },
                        "href": "https://api.spotify.com/v1/artists/2QsynagSdAqZj3U9HgDzjD",
                        "id": "2QsynagSdAqZj3U9HgDzjD",
                        "name": "Bob Marley & The Wailers",
                        "type": "artist",
                        "uri": "spotify:artist:2QsynagSdAqZj3U9HgDzjD"
                    }
                ],
                "available_markets": [
                    "AD",
                    "AE",
                    "AL",
                    "AR",
                    "AT",
                    "AU",
                    "BA",
                    "BE",
                    "BG",
                    "BH",
                    "BO",
                    "BR",
                    "BY",
                    "CA",
                    "CH",
                    "CL",
                    "CO",
                    "CR",
                    "CY",
                    "CZ",
                    "DE",
                    "DK",
                    "DZ",
                    "EC",
                    "EE",
                    "EG",
                    "ES",
                    "FI",
                    "FR",
                    "GB",
                    "GR",
                    "GT",
                    "HK",
                    "HN",
                    "HR",
                    "HU",
                    "ID",
                    "IE",
                    "IL",
                    "IN",
                    "IS",
                    "IT",
                    "JO",
                    "JP",
                    "KR",
                    "KW",
                    "KZ",
                    "LB",
                    "LI",
                    "LT",
                    "LU",
                    "LV",
                    "MA",
                    "MC",
                    "MD",
                    "ME",
                    "MK",
                    "MT",
                    "MX",
                    "MY",
                    "NI",
                    "NL",
                    "NO",
                    "NZ",
                    "OM",
                    "PA",
                    "PE",
                    "PH",
                    "PL",
                    "PS",
                    "PT",
                    "PY",
                    "QA",
                    "RO",
                    "RS",
                    "RU",
                    "SA",
                    "SE",
                    "SG",
                    "SI",
                    "SK",
                    "SV",
                    "TH",
                    "TN",
                    "TR",
                    "TW",
                    "UA",
                    "US",
                    "UY",
                    "VN",
                    "XK",
                    "ZA"
                ],
                "external_urls": {
                    "spotify": "https://open.spotify.com/album/04VRfesff9bgDA2Q8J2oDo"
                },
                "href": "https://api.spotify.com/v1/albums/04VRfesff9bgDA2Q8J2oDo",
                "id": "04VRfesff9bgDA2Q8J2oDo",
                "images": [
                    {
                        "height": 640,
                        "url": "https://i.scdn.co/image/ab67616d0000b2739fab28f69bec1dc7b704dc4e",
                        "width": 640
                    },
                    {
                        "height": 300,
                        "url": "https://i.scdn.co/image/ab67616d00001e029fab28f69bec1dc7b704dc4e",
                        "width": 300
                    },
                    {
                        "height": 64,
                        "url": "https://i.scdn.co/image/ab67616d000048519fab28f69bec1dc7b704dc4e",
                        "width": 64
                    }
                ],
                "name": "Legend (Deluxe Edition)",
                "release_date": "1984-05-01",
                "release_date_precision": "day",
                "total_tracks": 29,
                "type": "album",
                "uri": "spotify:album:04VRfesff9bgDA2Q8J2oDo"
            },
            {
                "album_type": "album",
                "artists": [
                    {
                        "external_urls": {
                            "spotify": "https://open.spotify.com/artist/2QsynagSdAqZj3U9HgDzjD"
                        },
                        "href": "https://api.spotify.com/v1/artists/2QsynagSdAqZj3U9HgDzjD",
                        "id": "2QsynagSdAqZj3U9HgDzjD",
                        "name": "Bob Marley & The Wailers",
                        "type": "artist",
                        "uri": "spotify:artist:2QsynagSdAqZj3U9HgDzjD"
                    }
                ],
                "available_markets": [
                    "AD",
                    "AE",
                    "AL",
                    "AR",
                    "AT",
                    "AU",
                    "BA",
                    "BE",
                    "BG",
                    "BH",
                    "BO",
                    "BR",
                    "BY",
                    "CA",
                    "CH",
                    "CL",
                    "CO",
                    "CR",
                    "CY",
                    "CZ",
                    "DE",
                    "DK",
                    "DZ",
                    "EC",
                    "EE",
                    "EG",
                    "ES",
                    "FI",
                    "FR",
                    "GB",
                    "GR",
                    "GT",
                    "HK",
                    "HN",
                    "HR",
                    "HU",
                    "ID",
                    "IE",
                    "IL",
                    "IN",
                    "IS",
                    "IT",
                    "JO",
                    "JP",
                    "KR",
                    "KW",
                    "KZ",
                    "LB",
                    "LI",
                    "LT",
                    "LU",
                    "LV",
                    "MA",
                    "MC",
                    "MD",
                    "ME",
                    "MK",
                    "MT",
                    "MX",
                    "MY",
                    "NI",
                    "NL",
                    "NO",
                    "NZ",
                    "OM",
                    "PA",
                    "PE",
                    "PH",
                    "PL",
                    "PS",
                    "PT",
                    "PY",
                    "QA",
                    "RO",
                    "RS",
                    "RU",
                    "SA",
                    "SE",
                    "SG",
                    "SI",
                    "SK",
                    "SV",
                    "TH",
                    "TN",
                    "TR",
                    "TW",
                    "UA",
                    "US",
                    "UY",
                    "VN",
                    "XK",
                    "ZA"
                ],
                "external_urls": {
                    "spotify": "https://open.spotify.com/album/4hV6TxaUkzEi4wUN6Fd0s7"
                },
                "href": "https://api.spotify.com/v1/albums/4hV6TxaUkzEi4wUN6Fd0s7",
                "id": "4hV6TxaUkzEi4wUN6Fd0s7",
                "images": [
                    {
                        "height": 640,
                        "url": "https://i.scdn.co/image/ab67616d0000b27329d53a2ea80ad242590f3f4c",
                        "width": 640
                    },
                    {
                        "height": 300,
                        "url": "https://i.scdn.co/image/ab67616d00001e0229d53a2ea80ad242590f3f4c",
                        "width": 300
                    },
                    {
                        "height": 64,
                        "url": "https://i.scdn.co/image/ab67616d0000485129d53a2ea80ad242590f3f4c",
                        "width": 64
                    }
                ],
                "name": "Chant Down Babylon",
                "release_date": "1999-01-01",
                "release_date_precision": "day",
                "total_tracks": 12,
                "type": "album",
                "uri": "spotify:album:4hV6TxaUkzEi4wUN6Fd0s7"
            },
            {
                "album_type": "single",
                "artists": [
                    {
                        "external_urls": {
                            "spotify": "https://open.spotify.com/artist/6OTr0YwLwGdv7mlmX27hRX"
                        },
                        "href": "https://api.spotify.com/v1/artists/6OTr0YwLwGdv7mlmX27hRX",
                        "id": "6OTr0YwLwGdv7mlmX27hRX",
                        "name": "Sheku Kanneh-Mason",
                        "type": "artist",
                        "uri": "spotify:artist:6OTr0YwLwGdv7mlmX27hRX"
                    }
                ],
                "available_markets": [
                    "AD",
                    "AE",
                    "AL",
                    "AR",
                    "AT",
                    "AU",
                    "BA",
                    "BE",
                    "BG",
                    "BH",
                    "BO",
                    "BR",
                    "BY",
                    "CA",
                    "CH",
                    "CL",
                    "CO",
                    "CR",
                    "CY",
                    "CZ",
                    "DE",
                    "DK",
                    "DO",
                    "DZ",
                    "EC",
                    "EE",
                    "EG",
                    "ES",
                    "FI",
                    "FR",
                    "GB",
                    "GR",
                    "GT",
                    "HK",
                    "HN",
                    "HR",
                    "HU",
                    "ID",
                    "IE",
                    "IL",
                    "IN",
                    "IS",
                    "IT",
                    "JO",
                    "JP",
                    "KR",
                    "KW",
                    "KZ",
                    "LB",
                    "LI",
                    "LT",
                    "LU",
                    "LV",
                    "MA",
                    "MC",
                    "MD",
                    "ME",
                    "MK",
                    "MT",
                    "MX",
                    "MY",
                    "NI",
                    "NL",
                    "NO",
                    "NZ",
                    "OM",
                    "PA",
                    "PE",
                    "PH",
                    "PL",
                    "PS",
                    "PT",
                    "PY",
                    "QA",
                    "RO",
                    "RS",
                    "RU",
                    "SA",
                    "SE",
                    "SG",
                    "SI",
                    "SK",
                    "SV",
                    "TH",
                    "TN",
                    "TR",
                    "TW",
                    "UA",
                    "US",
                    "UY",
                    "VN",
                    "XK",
                    "ZA"
                ],
                "external_urls": {
                    "spotify": "https://open.spotify.com/album/3cf57MihTJV4Flvpc6xGWk"
                },
                "href": "https://api.spotify.com/v1/albums/3cf57MihTJV4Flvpc6xGWk",
                "id": "3cf57MihTJV4Flvpc6xGWk",
                "images": [
                    {
                        "height": 640,
                        "url": "https://i.scdn.co/image/ab67616d0000b2735b0845072caf863bc7f81749",
                        "width": 640
                    },
                    {
                        "height": 300,
                        "url": "https://i.scdn.co/image/ab67616d00001e025b0845072caf863bc7f81749",
                        "width": 300
                    },
                    {
                        "height": 64,
                        "url": "https://i.scdn.co/image/ab67616d000048515b0845072caf863bc7f81749",
                        "width": 64
                    }
                ],
                "name": "Bob Marley: No Woman, No Cry (Arr. Cello)",
                "release_date": "2018-01-05",
                "release_date_precision": "day",
                "total_tracks": 1,
                "type": "album",
                "uri": "spotify:album:3cf57MihTJV4Flvpc6xGWk"
            },
            {
                "album_type": "album",
                "artists": [
                    {
                        "external_urls": {
                            "spotify": "https://open.spotify.com/artist/2QsynagSdAqZj3U9HgDzjD"
                        },
                        "href": "https://api.spotify.com/v1/artists/2QsynagSdAqZj3U9HgDzjD",
                        "id": "2QsynagSdAqZj3U9HgDzjD",
                        "name": "Bob Marley & The Wailers",
                        "type": "artist",
                        "uri": "spotify:artist:2QsynagSdAqZj3U9HgDzjD"
                    }
                ],
                "available_markets": [
                    "AD",
                    "AE",
                    "AL",
                    "AR",
                    "AT",
                    "AU",
                    "BA",
                    "BE",
                    "BG",
                    "BH",
                    "BO",
                    "BR",
                    "BY",
                    "CA",
                    "CH",
                    "CL",
                    "CO",
                    "CR",
                    "CY",
                    "CZ",
                    "DE",
                    "DK",
                    "DZ",
                    "EC",
                    "EE",
                    "EG",
                    "ES",
                    "FI",
                    "FR",
                    "GB",
                    "GR",
                    "GT",
                    "HK",
                    "HN",
                    "HR",
                    "HU",
                    "ID",
                    "IE",
                    "IL",
                    "IN",
                    "IS",
                    "IT",
                    "JO",
                    "JP",
                    "KR",
                    "KW",
                    "KZ",
                    "LB",
                    "LI",
                    "LT",
                    "LU",
                    "LV",
                    "MA",
                    "MC",
                    "MD",
                    "ME",
                    "MK",
                    "MT",
                    "MX",
                    "MY",
                    "NI",
                    "NL",
                    "NO",
                    "NZ",
                    "OM",
                    "PA",
                    "PE",
                    "PH",
                    "PL",
                    "PS",
                    "PT",
                    "PY",
                    "QA",
                    "RO",
                    "RS",
                    "RU",
                    "SA",
                    "SE",
                    "SG",
                    "SI",
                    "SK",
                    "SV",
                    "TH",
                    "TN",
                    "TR",
                    "TW",
                    "UA",
                    "US",
                    "UY",
                    "VN",
                    "XK",
                    "ZA"
                ],
                "external_urls": {
                    "spotify": "https://open.spotify.com/album/5mvQHYARofQRsOE2cqBzik"
                },
                "href": "https://api.spotify.com/v1/albums/5mvQHYARofQRsOE2cqBzik",
                "id": "5mvQHYARofQRsOE2cqBzik",
                "images": [
                    {
                        "height": 640,
                        "url": "https://i.scdn.co/image/ab67616d0000b2739c7b208c7c3ecdb325613d34",
                        "width": 640
                    },
                    {
                        "height": 300,
                        "url": "https://i.scdn.co/image/ab67616d00001e029c7b208c7c3ecdb325613d34",
                        "width": 300
                    },
                    {
                        "height": 64,
                        "url": "https://i.scdn.co/image/ab67616d000048519c7b208c7c3ecdb325613d34",
                        "width": 64
                    }
                ],
                "name": "Live!",
                "release_date": "1975-01-01",
                "release_date_precision": "day",
                "total_tracks": 8,
                "type": "album",
                "uri": "spotify:album:5mvQHYARofQRsOE2cqBzik"
            },
            {
                "album_type": "album",
                "artists": [
                    {
                        "external_urls": {
                            "spotify": "https://open.spotify.com/artist/2QsynagSdAqZj3U9HgDzjD"
                        },
                        "href": "https://api.spotify.com/v1/artists/2QsynagSdAqZj3U9HgDzjD",
                        "id": "2QsynagSdAqZj3U9HgDzjD",
                        "name": "Bob Marley & The Wailers",
                        "type": "artist",
                        "uri": "spotify:artist:2QsynagSdAqZj3U9HgDzjD"
                    }
                ],
                "available_markets": [
                    "AD",
                    "AE",
                    "AL",
                    "AR",
                    "AT",
                    "AU",
                    "BA",
                    "BE",
                    "BG",
                    "BH",
                    "BO",
                    "BR",
                    "BY",
                    "CA",
                    "CH",
                    "CL",
                    "CO",
                    "CR",
                    "CY",
                    "CZ",
                    "DE",
                    "DK",
                    "DZ",
                    "EC",
                    "EE",
                    "EG",
                    "ES",
                    "FI",
                    "FR",
                    "GB",
                    "GR",
                    "GT",
                    "HK",
                    "HN",
                    "HR",
                    "HU",
                    "ID",
                    "IE",
                    "IL",
                    "IN",
                    "IS",
                    "IT",
                    "JO",
                    "JP",
                    "KR",
                    "KW",
                    "KZ",
                    "LB",
                    "LI",
                    "LT",
                    "LU",
                    "LV",
                    "MC",
                    "MD",
                    "ME",
                    "MK",
                    "MT",
                    "MX",
                    "MY",
                    "NI",
                    "NL",
                    "NO",
                    "NZ",
                    "OM",
                    "PA",
                    "PE",
                    "PH",
                    "PL",
                    "PS",
                    "PT",
                    "PY",
                    "QA",
                    "RO",
                    "RS",
                    "RU",
                    "SA",
                    "SE",
                    "SG",
                    "SI",
                    "SK",
                    "SV",
                    "TH",
                    "TN",
                    "TR",
                    "TW",
                    "UA",
                    "US",
                    "UY",
                    "VN",
                    "XK",
                    "ZA"
                ],
                "external_urls": {
                    "spotify": "https://open.spotify.com/album/6Gdf5vvFmoEwcsEV61tXiT"
                },
                "href": "https://api.spotify.com/v1/albums/6Gdf5vvFmoEwcsEV61tXiT",
                "id": "6Gdf5vvFmoEwcsEV61tXiT",
                "images": [
                    {
                        "height": 640,
                        "url": "https://i.scdn.co/image/ab67616d0000b273280b04817e7547fea8cfb7d0",
                        "width": 640
                    },
                    {
                        "height": 300,
                        "url": "https://i.scdn.co/image/ab67616d00001e02280b04817e7547fea8cfb7d0",
                        "width": 300
                    },
                    {
                        "height": 64,
                        "url": "https://i.scdn.co/image/ab67616d00004851280b04817e7547fea8cfb7d0",
                        "width": 64
                    }
                ],
                "name": "Rastaman Vibration",
                "release_date": "1976",
                "release_date_precision": "year",
                "total_tracks": 11,
                "type": "album",
                "uri": "spotify:album:6Gdf5vvFmoEwcsEV61tXiT"
            },
            {
                "album_type": "album",
                "artists": [
                    {
                        "external_urls": {
                            "spotify": "https://open.spotify.com/artist/2QsynagSdAqZj3U9HgDzjD"
                        },
                        "href": "https://api.spotify.com/v1/artists/2QsynagSdAqZj3U9HgDzjD",
                        "id": "2QsynagSdAqZj3U9HgDzjD",
                        "name": "Bob Marley & The Wailers",
                        "type": "artist",
                        "uri": "spotify:artist:2QsynagSdAqZj3U9HgDzjD"
                    }
                ],
                "available_markets": [
                    "AD",
                    "AE",
                    "AL",
                    "AR",
                    "AT",
                    "AU",
                    "BA",
                    "BE",
                    "BG",
                    "BH",
                    "BO",
                    "BR",
                    "BY",
                    "CA",
                    "CH",
                    "CL",
                    "CO",
                    "CR",
                    "CY",
                    "CZ",
                    "DE",
                    "DK",
                    "DZ",
                    "EC",
                    "EE",
                    "EG",
                    "ES",
                    "FI",
                    "FR",
                    "GB",
                    "GR",
                    "GT",
                    "HK",
                    "HN",
                    "HR",
                    "HU",
                    "ID",
                    "IE",
                    "IL",
                    "IN",
                    "IS",
                    "IT",
                    "JO",
                    "JP",
                    "KR",
                    "KW",
                    "KZ",
                    "LB",
                    "LI",
                    "LT",
                    "LU",
                    "LV",
                    "MA",
                    "MC",
                    "MD",
                    "ME",
                    "MK",
                    "MT",
                    "MX",
                    "MY",
                    "NI",
                    "NL",
                    "NO",
                    "NZ",
                    "OM",
                    "PA",
                    "PE",
                    "PH",
                    "PL",
                    "PS",
                    "PT",
                    "PY",
                    "QA",
                    "RO",
                    "RS",
                    "RU",
                    "SA",
                    "SE",
                    "SG",
                    "SI",
                    "SK",
                    "SV",
                    "TH",
                    "TN",
                    "TR",
                    "TW",
                    "UA",
                    "US",
                    "UY",
                    "VN",
                    "XK",
                    "ZA"
                ],
                "external_urls": {
                    "spotify": "https://open.spotify.com/album/1d8lF3nZpEIFeEbWmAt9Ey"
                },
                "href": "https://api.spotify.com/v1/albums/1d8lF3nZpEIFeEbWmAt9Ey",
                "id": "1d8lF3nZpEIFeEbWmAt9Ey",
                "images": [
                    {
                        "height": 640,
                        "url": "https://i.scdn.co/image/ab67616d0000b273b5a0ee94e2741374ce5c71a2",
                        "width": 640
                    },
                    {
                        "height": 300,
                        "url": "https://i.scdn.co/image/ab67616d00001e02b5a0ee94e2741374ce5c71a2",
                        "width": 300
                    },
                    {
                        "height": 64,
                        "url": "https://i.scdn.co/image/ab67616d00004851b5a0ee94e2741374ce5c71a2",
                        "width": 64
                    }
                ],
                "name": "Natty Dread",
                "release_date": "1974",
                "release_date_precision": "year",
                "total_tracks": 10,
                "type": "album",
                "uri": "spotify:album:1d8lF3nZpEIFeEbWmAt9Ey"
            },
            {
                "album_type": "album",
                "artists": [
                    {
                        "external_urls": {
                            "spotify": "https://open.spotify.com/artist/2QsynagSdAqZj3U9HgDzjD"
                        },
                        "href": "https://api.spotify.com/v1/artists/2QsynagSdAqZj3U9HgDzjD",
                        "id": "2QsynagSdAqZj3U9HgDzjD",
                        "name": "Bob Marley & The Wailers",
                        "type": "artist",
                        "uri": "spotify:artist:2QsynagSdAqZj3U9HgDzjD"
                    }
                ],
                "available_markets": [
                    "AD",
                    "AE",
                    "AL",
                    "AR",
                    "AT",
                    "AU",
                    "BA",
                    "BE",
                    "BG",
                    "BH",
                    "BO",
                    "BR",
                    "BY",
                    "CA",
                    "CH",
                    "CL",
                    "CO",
                    "CR",
                    "CY",
                    "CZ",
                    "DE",
                    "DK",
                    "DZ",
                    "EC",
                    "EE",
                    "EG",
                    "ES",
                    "FI",
                    "FR",
                    "GB",
                    "GR",
                    "GT",
                    "HK",
                    "HN",
                    "HR",
                    "HU",
                    "ID",
                    "IE",
                    "IL",
                    "IN",
                    "IS",
                    "IT",
                    "JO",
                    "JP",
                    "KR",
                    "KW",
                    "KZ",
                    "LB",
                    "LI",
                    "LT",
                    "LU",
                    "LV",
                    "MA",
                    "MC",
                    "MD",
                    "ME",
                    "MK",
                    "MT",
                    "MX",
                    "MY",
                    "NI",
                    "NL",
                    "NO",
                    "NZ",
                    "OM",
                    "PA",
                    "PE",
                    "PH",
                    "PL",
                    "PS",
                    "PT",
                    "PY",
                    "QA",
                    "RO",
                    "RS",
                    "RU",
                    "SA",
                    "SE",
                    "SG",
                    "SI",
                    "SK",
                    "SV",
                    "TH",
                    "TN",
                    "TR",
                    "TW",
                    "UA",
                    "US",
                    "UY",
                    "VN",
                    "XK",
                    "ZA"
                ],
                "external_urls": {
                    "spotify": "https://open.spotify.com/album/1FictwFMH9Uv1LE8zw4pZu"
                },
                "href": "https://api.spotify.com/v1/albums/1FictwFMH9Uv1LE8zw4pZu",
                "id": "1FictwFMH9Uv1LE8zw4pZu",
                "images": [
                    {
                        "height": 640,
                        "url": "https://i.scdn.co/image/ab67616d0000b2730f3addbb970933e156898fc7",
                        "width": 640
                    },
                    {
                        "height": 300,
                        "url": "https://i.scdn.co/image/ab67616d00001e020f3addbb970933e156898fc7",
                        "width": 300
                    },
                    {
                        "height": 64,
                        "url": "https://i.scdn.co/image/ab67616d000048510f3addbb970933e156898fc7",
                        "width": 64
                    }
                ],
                "name": "Rastaman Vibration",
                "release_date": "1976-04-30",
                "release_date_precision": "day",
                "total_tracks": 31,
                "type": "album",
                "uri": "spotify:album:1FictwFMH9Uv1LE8zw4pZu"
            },
            {
                "album_type": "album",
                "artists": [
                    {
                        "external_urls": {
                            "spotify": "https://open.spotify.com/artist/2QsynagSdAqZj3U9HgDzjD"
                        },
                        "href": "https://api.spotify.com/v1/artists/2QsynagSdAqZj3U9HgDzjD",
                        "id": "2QsynagSdAqZj3U9HgDzjD",
                        "name": "Bob Marley & The Wailers",
                        "type": "artist",
                        "uri": "spotify:artist:2QsynagSdAqZj3U9HgDzjD"
                    }
                ],
                "available_markets": [
                    "AD",
                    "AE",
                    "AL",
                    "AR",
                    "AT",
                    "AU",
                    "BA",
                    "BE",
                    "BG",
                    "BH",
                    "BO",
                    "BR",
                    "BY",
                    "CA",
                    "CH",
                    "CL",
                    "CO",
                    "CR",
                    "CY",
                    "CZ",
                    "DE",
                    "DK",
                    "DZ",
                    "EC",
                    "EE",
                    "EG",
                    "ES",
                    "FI",
                    "FR",
                    "GB",
                    "GR",
                    "GT",
                    "HK",
                    "HN",
                    "HR",
                    "HU",
                    "ID",
                    "IE",
                    "IL",
                    "IN",
                    "IS",
                    "IT",
                    "JO",
                    "JP",
                    "KR",
                    "KW",
                    "KZ",
                    "LB",
                    "LI",
                    "LT",
                    "LU",
                    "LV",
                    "MA",
                    "MC",
                    "MD",
                    "ME",
                    "MK",
                    "MT",
                    "MX",
                    "MY",
                    "NI",
                    "NL",
                    "NO",
                    "NZ",
                    "OM",
                    "PA",
                    "PE",
                    "PH",
                    "PL",
                    "PS",
                    "PT",
                    "PY",
                    "QA",
                    "RO",
                    "RS",
                    "RU",
                    "SA",
                    "SE",
                    "SG",
                    "SI",
                    "SK",
                    "SV",
                    "TH",
                    "TN",
                    "TR",
                    "TW",
                    "UA",
                    "US",
                    "UY",
                    "VN",
                    "XK",
                    "ZA"
                ],
                "external_urls": {
                    "spotify": "https://open.spotify.com/album/1lBmb7nfOeFqTDN6gQLFMx"
                },
                "href": "https://api.spotify.com/v1/albums/1lBmb7nfOeFqTDN6gQLFMx",
                "id": "1lBmb7nfOeFqTDN6gQLFMx",
                "images": [
                    {
                        "height": 640,
                        "url": "https://i.scdn.co/image/ab67616d0000b2733e511ed894fc394063b34649",
                        "width": 640
                    },
                    {
                        "height": 300,
                        "url": "https://i.scdn.co/image/ab67616d00001e023e511ed894fc394063b34649",
                        "width": 300
                    },
                    {
                        "height": 64,
                        "url": "https://i.scdn.co/image/ab67616d000048513e511ed894fc394063b34649",
                        "width": 64
                    }
                ],
                "name": "Marley (The Original Soundtrack)",
                "release_date": "2012-04-17",
                "release_date_precision": "day",
                "total_tracks": 24,
                "type": "album",
                "uri": "spotify:album:1lBmb7nfOeFqTDN6gQLFMx"
            },
            {
                "album_type": "album",
                "artists": [
                    {
                        "external_urls": {
                            "spotify": "https://open.spotify.com/artist/5bHjVR4F2Tfq4Ha6x7K6wU"
                        },
                        "href": "https://api.spotify.com/v1/artists/5bHjVR4F2Tfq4Ha6x7K6wU",
                        "id": "5bHjVR4F2Tfq4Ha6x7K6wU",
                        "name": "Rockabye Baby!",
                        "type": "artist",
                        "uri": "spotify:artist:5bHjVR4F2Tfq4Ha6x7K6wU"
                    }
                ],
                "available_markets": [
                    "AD",
                    "AE",
                    "AL",
                    "AR",
                    "AT",
                    "AU",
                    "BA",
                    "BE",
                    "BG",
                    "BH",
                    "BO",
                    "BR",
                    "BY",
                    "CA",
                    "CH",
                    "CL",
                    "CO",
                    "CR",
                    "CY",
                    "CZ",
                    "DE",
                    "DK",
                    "DO",
                    "DZ",
                    "EC",
                    "EE",
                    "EG",
                    "ES",
                    "FI",
                    "FR",
                    "GB",
                    "GR",
                    "GT",
                    "HK",
                    "HN",
                    "HR",
                    "HU",
                    "ID",
                    "IE",
                    "IL",
                    "IN",
                    "IS",
                    "IT",
                    "JO",
                    "JP",
                    "KR",
                    "KW",
                    "KZ",
                    "LB",
                    "LI",
                    "LT",
                    "LU",
                    "LV",
                    "MA",
                    "MC",
                    "MD",
                    "ME",
                    "MK",
                    "MT",
                    "MX",
                    "MY",
                    "NI",
                    "NL",
                    "NO",
                    "NZ",
                    "OM",
                    "PA",
                    "PE",
                    "PH",
                    "PL",
                    "PS",
                    "PT",
                    "PY",
                    "QA",
                    "RO",
                    "RS",
                    "RU",
                    "SA",
                    "SE",
                    "SG",
                    "SI",
                    "SK",
                    "SV",
                    "TH",
                    "TN",
                    "TR",
                    "TW",
                    "UA",
                    "US",
                    "UY",
                    "VN",
                    "XK",
                    "ZA"
                ],
                "external_urls": {
                    "spotify": "https://open.spotify.com/album/3LtZSxouYdkFEMtmr8QTVJ"
                },
                "href": "https://api.spotify.com/v1/albums/3LtZSxouYdkFEMtmr8QTVJ",
                "id": "3LtZSxouYdkFEMtmr8QTVJ",
                "images": [
                    {
                        "height": 640,
                        "url": "https://i.scdn.co/image/ab67616d0000b273a6b355849401adfd1e46149e",
                        "width": 640
                    },
                    {
                        "height": 300,
                        "url": "https://i.scdn.co/image/ab67616d00001e02a6b355849401adfd1e46149e",
                        "width": 300
                    },
                    {
                        "height": 64,
                        "url": "https://i.scdn.co/image/ab67616d00004851a6b355849401adfd1e46149e",
                        "width": 64
                    }
                ],
                "name": "Lullaby Renditions of Bob Marley",
                "release_date": "2007-04-17",
                "release_date_precision": "day",
                "total_tracks": 10,
                "type": "album",
                "uri": "spotify:album:3LtZSxouYdkFEMtmr8QTVJ"
            },
            {
                "album_type": "album",
                "artists": [
                    {
                        "external_urls": {
                            "spotify": "https://open.spotify.com/artist/2QsynagSdAqZj3U9HgDzjD"
                        },
                        "href": "https://api.spotify.com/v1/artists/2QsynagSdAqZj3U9HgDzjD",
                        "id": "2QsynagSdAqZj3U9HgDzjD",
                        "name": "Bob Marley & The Wailers",
                        "type": "artist",
                        "uri": "spotify:artist:2QsynagSdAqZj3U9HgDzjD"
                    }
                ],
                "available_markets": [
                    "AD",
                    "AE",
                    "AL",
                    "AR",
                    "AT",
                    "AU",
                    "BA",
                    "BE",
                    "BG",
                    "BH",
                    "BO",
                    "BR",
                    "BY",
                    "CA",
                    "CH",
                    "CL",
                    "CO",
                    "CR",
                    "CY",
                    "CZ",
                    "DE",
                    "DK",
                    "DZ",
                    "EC",
                    "EE",
                    "EG",
                    "ES",
                    "FI",
                    "FR",
                    "GR",
                    "GT",
                    "HK",
                    "HN",
                    "HR",
                    "HU",
                    "ID",
                    "IL",
                    "IN",
                    "IS",
                    "IT",
                    "JO",
                    "JP",
                    "KR",
                    "KW",
                    "KZ",
                    "LB",
                    "LI",
                    "LT",
                    "LU",
                    "LV",
                    "MA",
                    "MC",
                    "MD",
                    "ME",
                    "MK",
                    "MT",
                    "MX",
                    "MY",
                    "NI",
                    "NL",
                    "NO",
                    "NZ",
                    "OM",
                    "PA",
                    "PE",
                    "PH",
                    "PL",
                    "PS",
                    "PT",
                    "PY",
                    "QA",
                    "RO",
                    "RS",
                    "RU",
                    "SA",
                    "SE",
                    "SG",
                    "SI",
                    "SK",
                    "SV",
                    "TH",
                    "TN",
                    "TR",
                    "TW",
                    "UA",
                    "US",
                    "UY",
                    "VN",
                    "XK",
                    "ZA"
                ],
                "external_urls": {
                    "spotify": "https://open.spotify.com/album/3lxHj7xzLBkPpg98eJ7G8B"
                },
                "href": "https://api.spotify.com/v1/albums/3lxHj7xzLBkPpg98eJ7G8B",
                "id": "3lxHj7xzLBkPpg98eJ7G8B",
                "images": [
                    {
                        "height": 640,
                        "url": "https://i.scdn.co/image/ab67616d0000b2739fb7dd2aae3f1b15e5a37f64",
                        "width": 640
                    },
                    {
                        "height": 300,
                        "url": "https://i.scdn.co/image/ab67616d00001e029fb7dd2aae3f1b15e5a37f64",
                        "width": 300
                    },
                    {
                        "height": 64,
                        "url": "https://i.scdn.co/image/ab67616d000048519fb7dd2aae3f1b15e5a37f64",
                        "width": 64
                    }
                ],
                "name": "Exodus 40",
                "release_date": "2017-06-02",
                "release_date_precision": "day",
                "total_tracks": 10,
                "type": "album",
                "uri": "spotify:album:3lxHj7xzLBkPpg98eJ7G8B"
            },
            {
                "album_type": "album",
                "artists": [
                    {
                        "external_urls": {
                            "spotify": "https://open.spotify.com/artist/2QsynagSdAqZj3U9HgDzjD"
                        },
                        "href": "https://api.spotify.com/v1/artists/2QsynagSdAqZj3U9HgDzjD",
                        "id": "2QsynagSdAqZj3U9HgDzjD",
                        "name": "Bob Marley & The Wailers",
                        "type": "artist",
                        "uri": "spotify:artist:2QsynagSdAqZj3U9HgDzjD"
                    }
                ],
                "available_markets": [
                    "AD",
                    "AE",
                    "AL",
                    "AR",
                    "AT",
                    "AU",
                    "BA",
                    "BE",
                    "BG",
                    "BH",
                    "BO",
                    "BR",
                    "BY",
                    "CA",
                    "CH",
                    "CL",
                    "CO",
                    "CR",
                    "CY",
                    "CZ",
                    "DE",
                    "DK",
                    "DZ",
                    "EC",
                    "EE",
                    "EG",
                    "ES",
                    "FI",
                    "FR",
                    "GB",
                    "GR",
                    "GT",
                    "HK",
                    "HN",
                    "HR",
                    "HU",
                    "ID",
                    "IE",
                    "IL",
                    "IN",
                    "IS",
                    "IT",
                    "JO",
                    "JP",
                    "KR",
                    "KW",
                    "KZ",
                    "LB",
                    "LI",
                    "LT",
                    "LU",
                    "LV",
                    "MA",
                    "MC",
                    "MD",
                    "ME",
                    "MK",
                    "MT",
                    "MX",
                    "MY",
                    "NI",
                    "NL",
                    "NO",
                    "NZ",
                    "OM",
                    "PA",
                    "PE",
                    "PH",
                    "PL",
                    "PS",
                    "PT",
                    "PY",
                    "QA",
                    "RO",
                    "RS",
                    "RU",
                    "SA",
                    "SE",
                    "SG",
                    "SI",
                    "SK",
                    "SV",
                    "TH",
                    "TN",
                    "TR",
                    "TW",
                    "UA",
                    "US",
                    "UY",
                    "VN",
                    "XK",
                    "ZA"
                ],
                "external_urls": {
                    "spotify": "https://open.spotify.com/album/4N3FRWAVeD4mWSgIpitOVw"
                },
                "href": "https://api.spotify.com/v1/albums/4N3FRWAVeD4mWSgIpitOVw",
                "id": "4N3FRWAVeD4mWSgIpitOVw",
                "images": [
                    {
                        "height": 640,
                        "url": "https://i.scdn.co/image/ab67616d0000b273f847f9dc252497cc6a1e7def",
                        "width": 640
                    },
                    {
                        "height": 300,
                        "url": "https://i.scdn.co/image/ab67616d00001e02f847f9dc252497cc6a1e7def",
                        "width": 300
                    },
                    {
                        "height": 64,
                        "url": "https://i.scdn.co/image/ab67616d00004851f847f9dc252497cc6a1e7def",
                        "width": 64
                    }
                ],
                "name": "Live At The Roxy - The Complete Concert",
                "release_date": "2003-01-01",
                "release_date_precision": "day",
                "total_tracks": 13,
                "type": "album",
                "uri": "spotify:album:4N3FRWAVeD4mWSgIpitOVw"
            }
        ],
        "limit": 20,
        "next": "https://api.spotify.com/v1/search?query=Bob+Marley&type=album&offset=20&limit=20",
        "offset": 0,
        "previous": null,
        "total": 487
    }
}